symbol,entry_date,actual_ret_pct,actual_reason,no_exit_ret_pct,no_exit_reason,delta_pct
PLTR,2025-05-22T13:30:00-04:00,-4.043,scanner-exit,12.081,target,16.124
PLTR,2025-09-26T13:30:00-04:00,-1.204,scanner-exit,-1.073,time,0.131
TSLA,2025-06-10T16:00:00-04:00,-4.494,scanner-exit,-7.585,stop,-3.091
TSLA,2025-06-13T16:00:00-04:00,-3.843,scanner-exit,-6.143,stop,-2.3
TSLA,2025-07-29T16:00:00-04:00,-1.384,scanner-exit,-3.614,stop,-2.23
SOFI,2025-10-06T13:30:00-04:00,-2.157,scanner-exit,8.766,target,10.923
SOFI,2026-09-03T13:30:00-04:00,-1.92,scanner-exit,-3.32,stop,-1.4
AAPL,2026-06-16T13:30:00-04:00,-1.189,scanner-exit,-2.421,stop,-1.232
AAPL,2026-06-23T13:30:00-04:00,-1.748,scanner-exit,-0.688,stop,1.06
MSFT,2025-09-24T16:00:00-04:00,-0.046,scanner-exit,3.128,target,3.174
META,2026-02-09T12:30:00-05:00,-2.306,scanner-exit,-2.852,stop,-0.546
COIN,2025-10-20T13:30:00-04:00,-1.55,scanner-exit,-2.312,stop,-0.762
MSTR,2025-06-03T16:00:00-04:00,-2.555,scanner-exit,-4.296,stop,-1.741
AVGO,2025-08-26T13:30:00-04:00,-1.588,scanner-exit,-2.442,stop,-0.854
