symbol,entry_date,exit_bar,hold_bars,state,regime,entry,stop,tp1,exit,reason,ret_pct,r_multiple
NVDA,2025-05-23T16:00:00-04:00,348,5,PULLBACK BUY,CAUTIOUS,134.1525,126.884,138.4969,138.4969,target,3.198,0.598
NVDA,2025-06-23T16:00:00-04:00,384,3,PULLBACK BUY,RISK-ON,145.56,140.7334,149.8596,149.8596,target,2.914,0.891
NVDA,2025-07-22T13:30:00-04:00,427,8,PULLBACK BUY,RISK-ON,168.26,164.5169,175.3201,175.3201,target,4.156,1.886
NVDA,2025-08-15T16:00:00-04:00,459,3,PULLBACK BUY,RISK-ON,180.65,177.0916,188.0644,177.0916,stop,-2.01,-1.0
NVDA,2025-08-22T13:30:00-04:00,475,10,PULLBACK BUY,RISK-ON,178.295,174.4633,187.668,174.4633,stop,-2.189,-1.0
NVDA,2025-11-10T12:30:00-05:00,581,6,PULLBACK BUY,RISK-ON,195.885,187.5349,211.4341,187.5349,stop,-4.303,-1.0
NVDA,2026-01-13T12:30:00-05:00,661,2,PULLBACK BUY,RISK-ON,186.4,182.6135,195.8345,182.6135,stop,-2.071,-1.0
NVDA,2026-05-21T13:30:00-04:00,841,4,PULLBACK BUY,RISK-ON,221.11,214.0416,237.7386,214.0416,stop,-3.237,-1.0
NVDA,2026-08-18T13:30:00-04:00,963,6,PULLBACK BUY,CAUTIOUS,220.31,215.0609,231.7108,215.0609,stop,-2.423,-1.0
NVDA,2026-08-31T13:30:00-04:00,983,8,PULLBACK BUY,CAUTIOUS,219.36,211.7753,233.1667,233.1667,target,6.254,1.82
PLTR,2025-05-22T13:30:00-04:00,359,19,PULLBACK BUY,RISK-ON,124.91,118.5437,135.565,119.91,scanner-exit,-4.043,-0.785
PLTR,2025-06-06T16:00:00-04:00,372,11,PULLBACK BUY,RISK-ON,127.13,121.3631,140.0189,140.0189,target,10.098,2.235
PLTR,2025-06-27T13:30:00-04:00,389,1,PULLBACK BUY,RISK-ON,140.05,135.0413,151.5977,135.0413,stop,-3.616,-1.0
PLTR,2025-07-07T13:30:00-04:00,408,11,PULLBACK BUY,RISK-ON,138.2297,131.2834,149.4894,149.4894,target,8.106,1.621
PLTR,2025-07-22T13:30:00-04:00,425,6,PULLBACK BUY,RISK-ON,148.8704,144.1725,157.6411,157.6411,target,5.851,1.867
PLTR,2025-08-01T13:30:00-04:00,439,4,PULLBACK BUY,CAUTIOUS,156.11,151.1252,165.0197,165.0197,target,5.667,1.787
PLTR,2025-08-15T16:00:00-04:00,457,1,PULLBACK BUY,RISK-ON,175.26,172.3707,189.4583,172.3707,stop,-1.689,-1.0
PLTR,2025-09-26T13:30:00-04:00,534,21,PULLBACK BUY,RISK-ON,177.42,169.9542,189.8859,175.355,scanner-exit,-1.204,-0.277
PLTR,2025-11-04T12:30:00-05:00,569,2,PULLBACK BUY,CAUTIOUS,192.64,185.4665,211.0779,185.4665,stop,-3.764,-1.0
PLTR,2026-09-14T13:30:00-04:00,994,1,PULLBACK BUY,CAUTIOUS,173.3,167.7875,185.6569,173.31,time,-0.034,0.002
TSLA,2025-06-10T16:00:00-04:00,369,4,PULLBACK BUY,RISK-ON,334.055,308.8517,362.7382,319.175,scanner-exit,-4.494,-0.59
TSLA,2025-06-13T16:00:00-04:00,374,3,PULLBACK BUY,CAUTIOUS,331.18,310.9671,361.7709,318.585,scanner-exit,-3.843,-0.623
TSLA,2025-07-29T16:00:00-04:00,431,1,PULLBACK BUY,RISK-ON,322.195,310.6794,347.3242,317.8661,scanner-exit,-1.384,-0.376
TSLA,2025-10-08T16:00:00-04:00,533,3,PULLBACK BUY,RISK-ON,431.74,422.1392,474.6486,422.1392,stop,-2.264,-1.0
TSLA,2025-10-13T16:00:00-04:00,537,1,PULLBACK BUY,RISK-ON,426.79,417.9948,471.081,417.9948,stop,-2.101,-1.0
TSLA,2025-12-26T12:30:00-05:00,640,3,PULLBACK BUY,RISK-ON,479.59,460.6773,510.3678,460.6773,stop,-3.984,-1.0
TSLA,2026-05-20T16:00:00-04:00,857,21,PULLBACK BUY,RISK-ON,422.245,404.5682,448.5519,404.5682,stop,-4.226,-1.0
SOFI,2025-05-27T13:30:00-04:00,350,6,PULLBACK BUY,RISK-ON,13.435,12.9087,14.4254,12.9087,stop,-3.957,-1.0
SOFI,2025-07-22T13:30:00-04:00,429,10,PULLBACK BUY,RISK-ON,20.91,20.0093,22.7398,22.7398,target,8.711,2.032
SOFI,2025-07-30T13:30:00-04:00,451,20,PULLBACK BUY,RISK-ON,21.65,20.4022,24.0763,24.0763,target,11.167,1.944
SOFI,2025-08-21T13:30:00-04:00,467,4,PULLBACK BUY,CAUTIOUS,23.062,21.9332,25.4076,25.4076,target,10.131,2.078
SOFI,2025-09-02T13:30:00-04:00,495,18,PULLBACK BUY,CAUTIOUS,24.9,23.795,27.3692,27.3692,target,9.877,2.235
SOFI,2025-10-06T13:30:00-04:00,526,1,PULLBACK BUY,RISK-ON,26.9351,25.8002,29.4647,26.365,scanner-exit,-2.157,-0.502
SOFI,2026-09-03T13:30:00-04:00,986,5,PULLBACK BUY,RISK-ON,18.355,17.5064,19.76,18.01,scanner-exit,-1.92,-0.407
SMCI,2025-06-02T13:30:00-04:00,378,26,PULLBACK BUY,RISK-ON,40.9597,39.0128,46.0184,46.0184,target,12.31,2.598
SMCI,2025-07-07T16:00:00-04:00,409,11,PULLBACK BUY,RISK-ON,47.44,44.9512,51.778,51.778,target,9.104,1.743
SMCI,2025-08-01T16:00:00-04:00,441,5,PULLBACK BUY,CAUTIOUS,58.155,53.8128,62.2533,53.8128,stop,-7.507,-1.0
SMCI,2025-09-25T13:30:00-04:00,519,8,PULLBACK BUY,RISK-ON,45.74,44.0938,49.6729,49.6729,target,8.558,2.389
SMCI,2026-08-31T13:30:00-04:00,994,19,PULLBACK BUY,CAUTIOUS,37.2836,35.133,41.7216,36.73,time,-1.525,-0.257
AMD,2025-08-07T13:30:00-04:00,451,8,PULLBACK BUY,RISK-ON,171.48,163.6102,185.8738,185.8738,target,8.354,1.829
AMD,2025-08-18T16:00:00-04:00,459,1,PULLBACK BUY,RISK-ON,173.1,170.5969,188.5214,170.5969,stop,-1.486,-1.0
AMD,2026-05-18T16:00:00-04:00,833,1,PULLBACK BUY,RISK-ON,412.965,398.0266,466.516,398.0266,stop,-3.657,-1.0
AMD,2026-06-11T16:00:00-04:00,869,3,PULLBACK BUY,CAUTIOUS,499.685,457.0345,550.8505,550.8505,target,10.2,1.2
AMD,2026-09-14T13:30:00-04:00,994,1,PULLBACK BUY,CAUTIOUS,495.345,476.4089,535.7719,493.261,time,-0.461,-0.11
AAPL,2025-08-26T13:30:00-04:00,479,10,PULLBACK BUY,RISK-ON,228.11,223.6215,235.3749,235.3749,target,3.145,1.619
AAPL,2025-09-12T13:30:00-04:00,503,10,PULLBACK BUY,RISK-ON,233.22,229.0723,242.1425,242.1425,target,3.786,2.151
AAPL,2025-10-17T13:30:00-04:00,545,2,PULLBACK BUY,CAUTIOUS,250.8,246.9808,259.8291,259.8291,target,3.56,2.364
AAPL,2025-12-10T12:30:00-05:00,618,2,PULLBACK BUY,RISK-ON,278.52,274.9116,287.4377,274.9116,stop,-1.336,-1.0
AAPL,2025-12-12T16:00:00-05:00,622,1,PULLBACK BUY,CAUTIOUS,280.0,275.0105,286.9715,275.0105,stop,-1.822,-1.0
AAPL,2026-04-27T16:00:00-04:00,809,7,PULLBACK BUY,RISK-ON,272.335,263.2498,278.377,278.377,target,2.179,0.665
AAPL,2026-06-16T13:30:00-04:00,873,2,PULLBACK BUY,RISK-ON,300.26,293.6824,314.6847,296.81,scanner-exit,-1.189,-0.525
AAPL,2026-06-23T13:30:00-04:00,880,1,PULLBACK BUY,CAUTIOUS,299.395,293.4601,312.6369,294.28,scanner-exit,-1.748,-0.862
MSFT,2025-07-23T16:00:00-04:00,426,4,PULLBACK BUY,RISK-ON,509.4311,500.8705,516.7957,516.7957,target,1.406,0.86
MSFT,2025-08-08T16:00:00-04:00,458,12,PULLBACK BUY,RISK-ON,522.46,514.9801,539.9989,514.9801,stop,-1.472,-1.0
MSFT,2025-09-24T16:00:00-04:00,511,1,PULLBACK BUY,RISK-ON,508.0,504.1893,524.093,507.97,scanner-exit,-0.046,-0.008
MSFT,2025-09-26T13:30:00-04:00,525,12,PULLBACK BUY,RISK-ON,509.47,503.8639,523.6689,523.6689,target,2.747,2.533
MSFT,2026-08-19T16:00:00-04:00,972,12,PULLBACK BUY,CAUTIOUS,483.0,475.1473,505.7661,505.7661,target,4.673,2.899
META,2025-05-23T13:30:00-04:00,352,10,PULLBACK BUY,RISK-ON,632.39,616.7598,664.7405,664.7405,target,5.076,2.07
META,2025-07-11T13:30:00-04:00,411,6,PULLBACK BUY,RISK-ON,721.13,709.4865,750.0434,709.4865,stop,-1.655,-1.0
META,2025-07-21T13:30:00-04:00,419,2,PULLBACK BUY,RISK-ON,714.33,701.8217,739.1658,701.8217,stop,-1.791,-1.0
META,2025-07-23T13:30:00-04:00,430,9,PULLBACK BUY,RISK-ON,711.857,700.8373,737.7486,700.8373,stop,-1.588,-1.0
META,2025-09-11T13:30:00-04:00,498,7,PULLBACK BUY,RISK-ON,753.2,741.5861,780.0539,780.0539,target,3.525,2.312
META,2026-02-09T12:30:00-05:00,699,4,PULLBACK BUY,CAUTIOUS,680.511,658.3289,725.815,665.09,scanner-exit,-2.306,-0.695
COIN,2025-05-28T13:30:00-04:00,350,4,PULLBACK BUY,RISK-ON,258.0709,244.1627,282.5631,244.1627,stop,-5.429,-1.0
COIN,2025-06-06T13:30:00-04:00,368,8,PULLBACK BUY,RISK-ON,253.38,242.7758,278.2614,242.7758,stop,-4.225,-1.0
COIN,2025-07-23T16:00:00-04:00,427,5,PULLBACK BUY,RISK-ON,404.36,378.3308,438.1701,378.3308,stop,-6.477,-1.0
COIN,2025-10-20T13:30:00-04:00,546,1,PULLBACK BUY,RISK-ON,349.06,334.4211,385.721,343.79,scanner-exit,-1.55,-0.36
MSTR,2025-05-16T13:30:00-04:00,342,10,PULLBACK BUY,RISK-ON,406.14,384.2963,441.9899,384.2963,stop,-5.418,-1.0
MSTR,2025-06-03T16:00:00-04:00,358,3,PULLBACK BUY,RISK-ON,384.94,368.5571,418.3879,375.26,scanner-exit,-2.555,-0.591
MSTR,2026-09-02T16:00:00-04:00,981,1,PULLBACK BUY,CAUTIOUS,128.035,116.1918,137.079,137.079,target,7.024,0.764
AVGO,2025-08-15T16:00:00-04:00,459,3,PULLBACK BUY,RISK-ON,302.28,296.6086,322.1338,296.6086,stop,-1.916,-1.0
AVGO,2025-08-26T13:30:00-04:00,475,6,PULLBACK BUY,RISK-ON,298.85,290.501,315.9012,294.225,scanner-exit,-1.588,-0.554
AVGO,2025-10-01T13:30:00-04:00,527,8,PULLBACK BUY,RISK-ON,337.54,328.5971,357.9495,328.5971,stop,-2.689,-1.0
AVGO,2025-11-05T12:30:00-05:00,573,4,PULLBACK BUY,RISK-ON,361.9,350.9565,388.4741,350.9565,stop,-3.064,-1.0
AVGO,2025-12-03T12:30:00-05:00,617,11,PULLBACK BUY,RISK-ON,376.43,361.3249,407.3304,407.3304,target,8.169,2.046
AVGO,2026-05-12T16:00:00-04:00,825,1,PULLBACK BUY,RISK-ON,415.605,407.0831,448.2787,407.0831,stop,-2.09,-1.0
