config,trades,win_rate_pct,expectancy_r,expectancy_pct,profit_factor,avg_hold_bars,max_drawdown_pct,final_equity_10k,skipped_cap,exit_reasons,eligible,score,skipped_gap_below_stop
S_plus_rvol__protect,45,42.2,0.288,1.184,1.66,7.7,7.13,11310.83,0,"{'stop': 24, 'target': 19, 'time': 2}",True,0.2685,0
S_plus_rvol__noexit,45,42.2,0.288,1.184,1.66,7.7,7.13,11310.83,0,"{'stop': 24, 'target': 19, 'time': 2}",True,0.2685,0
S_plus_rvol__scanner,46,39.1,0.235,0.937,1.59,6.6,6.55,11067.42,0,"{'stop': 18, 'target': 17, 'scanner-exit': 9, 'time': 2}",True,0.2202,0
S_plus_adx__noexit,60,43.3,0.216,1.053,1.58,8.1,10.77,11322.45,0,"{'stop': 32, 'target': 26, 'time': 2}",True,0.1953,0
S_plus_adx__protect,60,43.3,0.216,1.053,1.58,8.1,10.77,11322.45,0,"{'stop': 32, 'target': 26, 'time': 2}",True,0.1953,0
S_plus_adx__scanner,62,43.5,0.206,0.953,1.55,7.2,9.58,11303.57,0,"{'stop': 27, 'target': 25, 'scanner-exit': 9, 'time': 1}",True,0.1884,0
S_plus_rr__noexit,52,36.5,0.192,0.844,1.5,7.3,6.82,10978.48,0,"{'stop': 29, 'target': 19, 'time': 3, 'gap-above-target': 1}",True,0.1799,0
S_plus_rr__protect,52,36.5,0.192,0.844,1.5,7.3,6.82,10978.48,0,"{'stop': 29, 'target': 19, 'time': 3, 'gap-above-target': 1}",True,0.1799,0
S0_structural__protect,72,40.3,0.193,0.8,1.44,7.6,10.77,11399.28,0,"{'stop': 39, 'target': 29, 'time': 4}",True,0.1747,0
S0_structural__noexit,72,40.3,0.193,0.8,1.44,7.6,10.77,11399.28,0,"{'stop': 39, 'target': 29, 'time': 4}",True,0.1747,0
S0_structural__scanner,76,39.5,0.169,0.764,1.47,6.7,10.89,11281.28,0,"{'stop': 31, 'target': 28, 'scanner-exit': 14, 'time': 3}",True,0.1527,0
S_plus_mtf__scanner,55,41.8,0.155,0.783,1.48,6.7,7.42,10825.5,0,"{'stop': 25, 'target': 22, 'scanner-exit': 7, 'time': 1}",True,0.1442,0
S_plus_mtf__protect,53,41.5,0.15,0.654,1.36,7.4,7.6,10762.02,0,"{'stop': 29, 'target': 22, 'time': 2}",True,0.1396,0
S_plus_mtf__noexit,53,41.5,0.15,0.654,1.36,7.4,7.6,10762.02,0,"{'stop': 29, 'target': 22, 'time': 2}",True,0.1396,0
S_plus_rr__scanner,55,34.5,0.135,0.703,1.46,6.3,6.61,10709.49,0,"{'stop': 23, 'target': 18, 'scanner-exit': 10, 'time': 3, 'gap-above-target': 1}",True,0.1264,0
F_minus_market__scanner,13,38.5,0.202,1.788,2.14,5.8,3.15,10250.23,0,"{'stop': 8, 'target': 5}",True,0.1019,0
F_minus_market__protect,13,38.5,0.202,1.788,2.14,5.8,3.15,10250.23,0,"{'stop': 8, 'target': 5}",True,0.1019,0
F_minus_market__noexit,13,38.5,0.202,1.788,2.14,5.8,3.15,10250.23,0,"{'stop': 8, 'target': 5}",True,0.1019,0
F_minus_rr__protect,11,36.4,0.013,0.653,1.3,10.5,2.36,10006.03,0,"{'stop': 7, 'target': 4}",True,0.0054,0
F_minus_rr__noexit,11,36.4,0.013,0.653,1.3,10.5,2.36,10006.03,0,"{'stop': 7, 'target': 4}",True,0.0054,0
S_plus_market__scanner,38,36.8,-0.002,-0.051,0.97,8.1,6.26,9962.2,0,"{'stop': 18, 'target': 12, 'scanner-exit': 8}",True,-0.0021,0
S_plus_market__protect,37,35.1,-0.019,-0.104,0.95,9.2,6.49,9911.08,0,"{'stop': 23, 'target': 13, 'time': 1}",True,-0.0175,0
S_plus_market__noexit,37,35.1,-0.019,-0.104,0.95,9.2,6.49,9911.08,0,"{'stop': 23, 'target': 13, 'time': 1}",True,-0.0175,0
F_minus_mtf__noexit,11,27.3,-0.158,-0.497,0.8,8.7,5.97,9814.68,0,"{'stop': 8, 'target': 3}",True,-0.0657,0
F_minus_mtf__protect,11,27.3,-0.158,-0.497,0.8,8.7,5.97,9814.68,0,"{'stop': 8, 'target': 3}",True,-0.0657,0
F_minus_rr__scanner,11,27.3,-0.156,-0.207,0.91,9.9,4.17,9819.62,0,"{'stop': 7, 'target': 3, 'scanner-exit': 1}",True,-0.066,0
F_minus_mtf__scanner,11,27.3,-0.241,-0.845,0.57,5.9,5.33,9730.14,0,"{'stop': 5, 'scanner-exit': 4, 'target': 2}",True,-0.1008,0
F_minus_rvol__scanner,12,33.3,-0.246,-0.397,0.82,7.5,2.97,9703.16,0,"{'stop': 8, 'target': 4}",True,-0.1145,0
F_minus_rvol__noexit,12,33.3,-0.246,-0.397,0.82,7.5,2.97,9703.16,0,"{'stop': 8, 'target': 4}",True,-0.1145,0
F_minus_rvol__protect,12,33.3,-0.246,-0.397,0.82,7.5,2.97,9703.16,0,"{'stop': 8, 'target': 4}",True,-0.1145,0
F0_full_ex15m__scanner,4,25.0,-0.254,-0.044,0.98,5.0,2.03,9895.39,0,"{'stop': 3, 'target': 1}",False,,0
F0_full_ex15m__noexit,4,25.0,-0.254,-0.044,0.98,5.0,2.03,9895.39,0,"{'stop': 3, 'target': 1}",False,,0
F0_full_ex15m__protect,4,25.0,-0.254,-0.044,0.98,5.0,2.03,9895.39,0,"{'stop': 3, 'target': 1}",False,,0
F_minus_adx__scanner,6,33.3,0.127,0.363,1.23,5.5,2.73,10070.43,0,"{'stop': 3, 'target': 2, 'scanner-exit': 1}",False,,0
F_minus_adx__noexit,6,33.3,0.042,0.165,1.09,5.7,3.23,10018.67,0,"{'stop': 4, 'target': 2}",False,,0
F_minus_adx__protect,6,33.3,0.042,0.165,1.09,5.7,3.23,10018.67,0,"{'stop': 4, 'target': 2}",False,,0
