symbol,entry_time,exit_time,state,regime,entry,stop,tp1,exit,reason,hold_bars,net_ret,r_multiple,risk_frac,signal_id
NVDA,2026-05-21 13:30:00-04:00,2026-05-26 13:30:00-04:00,PULLBACK BUY,RISK-ON,221.11000061035156,214.04164669964544,237.73856604073055,214.04164669964544,stop,4,-0.03236759029982657,-1.0125126728742568,0.03196759029982657,NVDA:4h:2026-05-21T13:30:00-04:00:2026-09-14-v3
PLTR,2025-05-22 13:30:00-04:00,2025-06-11 13:30:00-04:00,PULLBACK BUY,RISK-ON,124.91000366210938,118.54368386155996,135.56497039739904,135.56497039739904,target,26,0.0849011482099714,1.6657979910009542,0.05096725333361431,PLTR:4h:2025-05-22T13:30:00-04:00:2026-09-14-v3
PLTR,2025-06-27 13:30:00-04:00,2025-06-27 16:00:00-04:00,PULLBACK BUY,RISK-ON,140.0500030517578,135.04129549074108,151.59765669413727,135.04129549074108,stop,1,-0.0361637090458733,-1.0111845222621325,0.0357637090458733,PLTR:4h:2025-06-27T13:30:00-04:00:2026-09-14-v3
TSLA,2026-05-21 13:30:00-04:00,2026-06-05 13:30:00-04:00,PULLBACK BUY,RISK-ON,421.32000732421875,404.7480615240543,449.6546011714586,404.7480615240543,stop,20,-0.039733393886067704,-1.0101694758697566,0.03933339388606771,TSLA:4h:2026-05-21T13:30:00-04:00:2026-09-14-v3
SOFI,2025-05-27 13:30:00-04:00,2025-05-30 13:30:00-04:00,PULLBACK BUY,RISK-ON,13.4350004196167,12.908713930917317,14.425358560743117,12.908713930917317,stop,6,-0.03957279287397276,-1.0102111687896975,0.03917279287397276,SOFI:4h:2025-05-27T13:30:00-04:00:2026-09-14-v3
SOFI,2025-07-30 13:30:00-04:00,2025-08-13 13:30:00-04:00,PULLBACK BUY,RISK-ON,21.649999618530273,20.402241482304557,24.0762567079499,24.0762567079499,target,20,0.11166730402632374,1.9375526549440798,0.05763317127995502,SOFI:4h:2025-07-30T13:30:00-04:00:2026-09-14-v3
AAPL,2025-08-26 13:30:00-04:00,2025-09-03 13:30:00-04:00,PULLBACK BUY,RISK-ON,228.11000061035156,223.62150701274865,235.3748817676426,235.3748817676426,target,10,0.03144814842774303,1.5982282253622875,0.01967688214279556,AAPL:4h:2025-08-26T13:30:00-04:00:2026-09-14-v3
MSFT,2025-08-14 13:30:00-04:00,2025-08-18 13:30:00-04:00,PULLBACK BUY,RISK-ON,524.0399780273438,516.4347757272534,541.6015642171861,516.4347757272534,stop,4,-0.01491263762111967,-1.027562184796642,0.014512637621119671,MSFT:4h:2025-08-14T13:30:00-04:00:2026-09-14-v3
META,2025-07-14 13:30:00-04:00,2025-07-15 16:00:00-04:00,PULLBACK BUY,RISK-ON,724.760009765625,709.8855681853656,749.4783130925125,709.8855681853656,stop,3,-0.020923264777080505,-1.0194900764739294,0.020523264777080504,META:4h:2025-07-14T13:30:00-04:00:2026-09-14-v3
MSTR,2025-05-16 13:30:00-04:00,2025-05-23 13:30:00-04:00,PULLBACK BUY,RISK-ON,406.1400146484375,384.2963295673526,441.9898878461568,384.2963295673526,stop,10,-0.054183631982170535,-1.0074372069207338,0.05378363198217054,MSTR:4h:2025-05-16T13:30:00-04:00:2026-09-14-v3
AVGO,2025-12-03 12:30:00-05:00,2025-12-10 16:00:00-05:00,PULLBACK BUY,RISK-ON,376.42999267578125,361.3249282157892,407.3303832439573,407.3303832439573,target,11,0.08168801415776265,2.035729053163003,0.040127154461366235,AVGO:4h:2025-12-03T12:30:00-05:00:2026-09-14-v3
