config,exit_mode,symbol,entry_time,entry,exit,realized_net_r,mfe_r_at_exit,counterfactual_reason,counterfactual_net_r
S0_structural,scanner,PLTR,2025-05-22T13:30:00-04:00,124.91000366210938,123.74500274658203,-0.191,1.629,target,1.674
S0_structural,scanner,PLTR,2025-09-26T13:30:00-04:00,177.4199981689453,178.67999267578125,0.159,1.444,time,-0.046
S0_structural,scanner,TSLA,2025-06-11T09:30:00-04:00,334.05499267578125,314.0,-0.801,0.057,stop,-1.0
S0_structural,scanner,TSLA,2025-06-16T09:30:00-04:00,331.17999267578125,318.5299987792969,-0.632,0.043,stop,-1.0
S0_structural,scanner,TSLA,2025-07-30T09:30:00-04:00,322.19500732421875,317.8699951171875,-0.387,0.196,stop,-1.0
S0_structural,scanner,SOFI,2025-10-06T13:30:00-04:00,26.935100555419922,27.079999923706055,0.118,0.044,target,2.229
S0_structural,scanner,SOFI,2026-09-03T13:30:00-04:00,18.354999542236328,17.959999084472656,-0.474,0.407,stop,-1.0
S0_structural,scanner,AAPL,2026-06-16T13:30:00-04:00,300.260009765625,296.79998779296875,-0.544,0.275,stop,-1.0
S0_structural,scanner,AAPL,2026-06-23T13:30:00-04:00,299.3949890136719,295.375,-0.708,0.118,stop,-1.0
S0_structural,scanner,MSFT,2025-09-25T09:30:00-04:00,507.2099914550781,507.95001220703125,0.177,0.924,target,5.58
S0_structural,scanner,COIN,2025-10-20T13:30:00-04:00,349.05999755859375,342.19500732421875,-0.477,0.033,stop,-1.0
S0_structural,scanner,MSTR,2025-06-04T09:30:00-04:00,384.94000244140625,375.1099853515625,-0.61,0.072,stop,-1.0
S0_structural,scanner,AVGO,2025-08-26T13:30:00-04:00,298.8500061035156,294.2749938964844,-0.561,1.451,stop,-1.0
S0_structural,protect1R,PLTR,2025-05-22T13:30:00-04:00,124.91000366210938,123.74500274658203,-0.191,1.629,target,1.674
S0_structural,protect1R,PLTR,2025-09-26T13:30:00-04:00,177.4199981689453,178.67999267578125,0.159,1.444,time,-0.046
S0_structural,protect1R,AVGO,2025-08-26T13:30:00-04:00,298.8500061035156,294.2749938964844,-0.561,1.451,stop,-1.0
S_plus_adx,scanner,PLTR,2025-05-22T13:30:00-04:00,124.91000366210938,123.74500274658203,-0.191,1.629,target,1.674
S_plus_adx,scanner,PLTR,2025-09-26T13:30:00-04:00,177.4199981689453,178.67999267578125,0.159,1.444,time,-0.046
S_plus_adx,scanner,TSLA,2025-06-11T09:30:00-04:00,334.05499267578125,314.0,-0.801,0.057,stop,-1.0
S_plus_adx,scanner,TSLA,2025-06-16T09:30:00-04:00,331.17999267578125,318.5299987792969,-0.632,0.043,stop,-1.0
S_plus_adx,scanner,SOFI,2025-10-06T13:30:00-04:00,26.935100555419922,27.079999923706055,0.118,0.044,target,2.229
S_plus_adx,scanner,AAPL,2026-06-16T13:30:00-04:00,300.260009765625,296.79998779296875,-0.544,0.275,stop,-1.0
S_plus_adx,scanner,MSFT,2025-09-25T09:30:00-04:00,507.2099914550781,507.95001220703125,0.177,0.924,target,5.58
S_plus_adx,scanner,COIN,2025-10-20T13:30:00-04:00,349.05999755859375,342.19500732421875,-0.477,0.033,stop,-1.0
S_plus_adx,scanner,AVGO,2025-08-26T13:30:00-04:00,298.8500061035156,294.2749938964844,-0.561,1.451,stop,-1.0
S_plus_adx,protect1R,PLTR,2025-05-22T13:30:00-04:00,124.91000366210938,123.74500274658203,-0.191,1.629,target,1.674
S_plus_adx,protect1R,PLTR,2025-09-26T13:30:00-04:00,177.4199981689453,178.67999267578125,0.159,1.444,time,-0.046
S_plus_adx,protect1R,AVGO,2025-08-26T13:30:00-04:00,298.8500061035156,294.2749938964844,-0.561,1.451,stop,-1.0
S0_structural,scanner,PLTR,2025-05-22T13:30:00-04:00,124.91000366210938,123.74500274658203,-0.203,1.629,target,1.674
S0_structural,scanner,PLTR,2025-09-26T13:30:00-04:00,177.4199981689453,178.67999267578125,0.145,1.444,time,-0.046
S0_structural,scanner,TSLA,2025-06-11T09:30:00-04:00,334.05499267578125,314.0,-0.809,0.057,stop,-1.0
S0_structural,scanner,TSLA,2025-06-16T09:30:00-04:00,331.17999267578125,318.5299987792969,-0.642,0.043,stop,-1.0
S0_structural,scanner,TSLA,2025-07-30T09:30:00-04:00,322.19500732421875,317.8699951171875,-0.404,0.196,stop,-1.0
S0_structural,scanner,SOFI,2025-10-06T13:30:00-04:00,26.935100555419922,27.079999923706055,0.104,0.044,target,2.229
S0_structural,scanner,SOFI,2026-09-03T13:30:00-04:00,18.354999542236328,17.959999084472656,-0.487,0.407,stop,-1.0
S0_structural,scanner,AAPL,2026-06-16T13:30:00-04:00,300.260009765625,296.79998779296875,-0.572,0.275,stop,-1.0
S0_structural,scanner,AAPL,2026-06-23T13:30:00-04:00,299.3949890136719,295.375,-0.738,0.118,stop,-1.0
S0_structural,scanner,MSFT,2025-09-25T09:30:00-04:00,507.2099914550781,507.95001220703125,0.077,0.924,target,5.58
S0_structural,scanner,COIN,2025-10-20T13:30:00-04:00,349.05999755859375,342.19500732421875,-0.491,0.033,stop,-1.0
S0_structural,scanner,MSTR,2025-06-04T09:30:00-04:00,384.94000244140625,375.1099853515625,-0.625,0.072,stop,-1.0
S0_structural,scanner,AVGO,2025-08-26T13:30:00-04:00,298.8500061035156,294.2749938964844,-0.582,1.451,stop,-1.0
S0_structural,protect1R,PLTR,2025-05-22T13:30:00-04:00,124.91000366210938,123.74500274658203,-0.203,1.629,target,1.674
S0_structural,protect1R,PLTR,2025-09-26T13:30:00-04:00,177.4199981689453,178.67999267578125,0.145,1.444,time,-0.046
S0_structural,protect1R,AVGO,2025-08-26T13:30:00-04:00,298.8500061035156,294.2749938964844,-0.582,1.451,stop,-1.0
S_plus_adx,scanner,PLTR,2025-05-22T13:30:00-04:00,124.91000366210938,123.74500274658203,-0.203,1.629,target,1.674
S_plus_adx,scanner,PLTR,2025-09-26T13:30:00-04:00,177.4199981689453,178.67999267578125,0.145,1.444,time,-0.046
S_plus_adx,scanner,TSLA,2025-06-11T09:30:00-04:00,334.05499267578125,314.0,-0.809,0.057,stop,-1.0
S_plus_adx,scanner,TSLA,2025-06-16T09:30:00-04:00,331.17999267578125,318.5299987792969,-0.642,0.043,stop,-1.0
S_plus_adx,scanner,SOFI,2025-10-06T13:30:00-04:00,26.935100555419922,27.079999923706055,0.104,0.044,target,2.229
S_plus_adx,scanner,AAPL,2026-06-16T13:30:00-04:00,300.260009765625,296.79998779296875,-0.572,0.275,stop,-1.0
S_plus_adx,scanner,MSFT,2025-09-25T09:30:00-04:00,507.2099914550781,507.95001220703125,0.077,0.924,target,5.58
S_plus_adx,scanner,COIN,2025-10-20T13:30:00-04:00,349.05999755859375,342.19500732421875,-0.491,0.033,stop,-1.0
S_plus_adx,scanner,AVGO,2025-08-26T13:30:00-04:00,298.8500061035156,294.2749938964844,-0.582,1.451,stop,-1.0
S_plus_adx,protect1R,PLTR,2025-05-22T13:30:00-04:00,124.91000366210938,123.74500274658203,-0.203,1.629,target,1.674
S_plus_adx,protect1R,PLTR,2025-09-26T13:30:00-04:00,177.4199981689453,178.67999267578125,0.145,1.444,time,-0.046
S_plus_adx,protect1R,AVGO,2025-08-26T13:30:00-04:00,298.8500061035156,294.2749938964844,-0.582,1.451,stop,-1.0
S_plus_adx,scanner,PLTR,2025-05-22T13:30:00-04:00,124.91000366210938,123.74500274658203,-0.203,1.629,target,1.674
S_plus_adx,scanner,PLTR,2025-09-26T13:30:00-04:00,177.4199981689453,178.67999267578125,0.145,1.444,time,-0.046
S_plus_adx,scanner,TSLA,2025-06-11T09:30:00-04:00,334.05499267578125,314.0,-0.809,0.057,stop,-1.0
S_plus_adx,scanner,TSLA,2025-06-16T09:30:00-04:00,331.17999267578125,318.5299987792969,-0.642,0.043,stop,-1.0
S_plus_adx,scanner,SOFI,2025-10-06T13:30:00-04:00,26.935100555419922,27.079999923706055,0.104,0.044,target,2.229
S_plus_adx,scanner,AAPL,2026-06-16T13:30:00-04:00,300.260009765625,296.79998779296875,-0.572,0.275,stop,-1.0
S_plus_adx,scanner,MSFT,2025-09-25T09:30:00-04:00,507.2099914550781,507.95001220703125,0.077,0.924,target,5.58
S_plus_adx,scanner,COIN,2025-10-20T13:30:00-04:00,349.05999755859375,342.19500732421875,-0.491,0.033,stop,-1.0
S_plus_adx,scanner,AVGO,2025-08-26T13:30:00-04:00,298.8500061035156,294.2749938964844,-0.582,1.451,stop,-1.0
S_plus_adx,protect1R,PLTR,2025-05-22T13:30:00-04:00,124.91000366210938,123.74500274658203,-0.203,1.629,target,1.674
S_plus_adx,protect1R,PLTR,2025-09-26T13:30:00-04:00,177.4199981689453,178.67999267578125,0.145,1.444,time,-0.046
S_plus_adx,protect1R,AVGO,2025-08-26T13:30:00-04:00,298.8500061035156,294.2749938964844,-0.582,1.451,stop,-1.0
S0_structural,scanner,PLTR,2025-05-22T13:30:00-04:00,124.91000366210938,123.74500274658203,-0.232,1.629,target,1.674
S0_structural,scanner,PLTR,2025-09-26T13:30:00-04:00,177.4199981689453,178.67999267578125,0.109,1.444,time,-0.046
S0_structural,scanner,TSLA,2025-06-11T09:30:00-04:00,334.05499267578125,314.0,-0.829,0.057,stop,-1.0
S0_structural,scanner,TSLA,2025-06-16T09:30:00-04:00,331.17999267578125,318.5299987792969,-0.667,0.043,stop,-1.0
S0_structural,scanner,TSLA,2025-07-30T09:30:00-04:00,322.19500732421875,317.8699951171875,-0.446,0.196,stop,-1.0
S0_structural,scanner,SOFI,2025-10-06T13:30:00-04:00,26.935100555419922,27.079999923706055,0.068,0.044,target,2.229
S0_structural,scanner,SOFI,2026-09-03T13:30:00-04:00,18.354999542236328,17.959999084472656,-0.52,0.407,stop,-1.0
S0_structural,scanner,AAPL,2026-06-16T13:30:00-04:00,300.260009765625,296.79998779296875,-0.64,0.275,stop,-1.0
S0_structural,scanner,AAPL,2026-06-23T13:30:00-04:00,299.3949890136719,295.375,-0.815,0.118,stop,-1.0
S0_structural,scanner,MSFT,2025-09-25T09:30:00-04:00,507.2099914550781,507.95001220703125,-0.174,0.924,target,5.58
S0_structural,scanner,COIN,2025-10-20T13:30:00-04:00,349.05999755859375,342.19500732421875,-0.527,0.033,stop,-1.0
S0_structural,scanner,MSTR,2025-06-04T09:30:00-04:00,384.94000244140625,375.1099853515625,-0.66,0.072,stop,-1.0
S0_structural,scanner,AVGO,2025-08-26T13:30:00-04:00,298.8500061035156,294.2749938964844,-0.636,1.451,stop,-1.0
S0_structural,protect1R,PLTR,2025-05-22T13:30:00-04:00,124.91000366210938,123.74500274658203,-0.232,1.629,target,1.674
S0_structural,protect1R,PLTR,2025-09-26T13:30:00-04:00,177.4199981689453,178.67999267578125,0.109,1.444,time,-0.046
S0_structural,protect1R,AVGO,2025-08-26T13:30:00-04:00,298.8500061035156,294.2749938964844,-0.636,1.451,stop,-1.0
S_plus_adx,scanner,PLTR,2025-05-22T13:30:00-04:00,124.91000366210938,123.74500274658203,-0.232,1.629,target,1.674
S_plus_adx,scanner,PLTR,2025-09-26T13:30:00-04:00,177.4199981689453,178.67999267578125,0.109,1.444,time,-0.046
S_plus_adx,scanner,TSLA,2025-06-11T09:30:00-04:00,334.05499267578125,314.0,-0.829,0.057,stop,-1.0
S_plus_adx,scanner,TSLA,2025-06-16T09:30:00-04:00,331.17999267578125,318.5299987792969,-0.667,0.043,stop,-1.0
S_plus_adx,scanner,SOFI,2025-10-06T13:30:00-04:00,26.935100555419922,27.079999923706055,0.068,0.044,target,2.229
S_plus_adx,scanner,AAPL,2026-06-16T13:30:00-04:00,300.260009765625,296.79998779296875,-0.64,0.275,stop,-1.0
S_plus_adx,scanner,MSFT,2025-09-25T09:30:00-04:00,507.2099914550781,507.95001220703125,-0.174,0.924,target,5.58
S_plus_adx,scanner,COIN,2025-10-20T13:30:00-04:00,349.05999755859375,342.19500732421875,-0.527,0.033,stop,-1.0
S_plus_adx,scanner,AVGO,2025-08-26T13:30:00-04:00,298.8500061035156,294.2749938964844,-0.636,1.451,stop,-1.0
S_plus_adx,protect1R,PLTR,2025-05-22T13:30:00-04:00,124.91000366210938,123.74500274658203,-0.232,1.629,target,1.674
S_plus_adx,protect1R,PLTR,2025-09-26T13:30:00-04:00,177.4199981689453,178.67999267578125,0.109,1.444,time,-0.046
S_plus_adx,protect1R,AVGO,2025-08-26T13:30:00-04:00,298.8500061035156,294.2749938964844,-0.636,1.451,stop,-1.0
S_plus_adx,scanner,PLTR,2025-05-22T13:30:00-04:00,124.91000366210938,123.74500274658203,-0.232,1.629,target,1.674
S_plus_adx,scanner,PLTR,2025-09-26T13:30:00-04:00,177.4199981689453,178.67999267578125,0.109,1.444,time,-0.046
S_plus_adx,scanner,TSLA,2025-06-11T09:30:00-04:00,334.05499267578125,314.0,-0.829,0.057,stop,-1.0
S_plus_adx,scanner,TSLA,2025-06-16T09:30:00-04:00,331.17999267578125,318.5299987792969,-0.667,0.043,stop,-1.0
S_plus_adx,scanner,SOFI,2025-10-06T13:30:00-04:00,26.935100555419922,27.079999923706055,0.068,0.044,target,2.229
S_plus_adx,scanner,AAPL,2026-06-16T13:30:00-04:00,300.260009765625,296.79998779296875,-0.64,0.275,stop,-1.0
S_plus_adx,scanner,MSFT,2025-09-25T09:30:00-04:00,507.2099914550781,507.95001220703125,-0.174,0.924,target,5.58
S_plus_adx,scanner,COIN,2025-10-20T13:30:00-04:00,349.05999755859375,342.19500732421875,-0.527,0.033,stop,-1.0
S_plus_adx,scanner,AVGO,2025-08-26T13:30:00-04:00,298.8500061035156,294.2749938964844,-0.636,1.451,stop,-1.0
S_plus_adx,protect1R,PLTR,2025-05-22T13:30:00-04:00,124.91000366210938,123.74500274658203,-0.232,1.629,target,1.674
S_plus_adx,protect1R,PLTR,2025-09-26T13:30:00-04:00,177.4199981689453,178.67999267578125,0.109,1.444,time,-0.046
S_plus_adx,protect1R,AVGO,2025-08-26T13:30:00-04:00,298.8500061035156,294.2749938964844,-0.636,1.451,stop,-1.0
S0_structural,scanner,PLTR,2025-05-22T13:30:00-04:00,124.91000366210938,123.74500274658203,-0.191,1.629,target,1.674
S0_structural,scanner,PLTR,2025-09-26T13:30:00-04:00,177.4199981689453,178.67999267578125,0.159,1.444,time,-0.046
S0_structural,scanner,TSLA,2025-06-11T09:30:00-04:00,334.05499267578125,314.0,-0.801,0.057,stop,-1.0
S0_structural,scanner,TSLA,2025-06-16T09:30:00-04:00,331.17999267578125,318.5299987792969,-0.632,0.043,stop,-1.0
S0_structural,scanner,TSLA,2025-07-30T09:30:00-04:00,322.19500732421875,317.8699951171875,-0.387,0.196,stop,-1.0
S0_structural,scanner,SOFI,2025-10-06T13:30:00-04:00,26.935100555419922,27.079999923706055,0.118,0.044,target,2.229
S0_structural,scanner,SOFI,2026-09-03T13:30:00-04:00,18.354999542236328,17.959999084472656,-0.474,0.407,stop,-1.0
S0_structural,scanner,AAPL,2026-06-16T13:30:00-04:00,300.260009765625,296.79998779296875,-0.544,0.275,stop,-1.0
S0_structural,scanner,AAPL,2026-06-23T13:30:00-04:00,299.3949890136719,295.375,-0.708,0.118,stop,-1.0
S0_structural,scanner,MSFT,2025-09-25T09:30:00-04:00,507.2099914550781,507.95001220703125,0.177,0.924,target,5.58
S0_structural,scanner,COIN,2025-10-20T13:30:00-04:00,349.05999755859375,342.19500732421875,-0.477,0.033,stop,-1.0
S0_structural,scanner,MSTR,2025-06-04T09:30:00-04:00,384.94000244140625,375.1099853515625,-0.61,0.072,stop,-1.0
S0_structural,scanner,AVGO,2025-08-26T13:30:00-04:00,298.8500061035156,294.2749938964844,-0.561,1.451,stop,-1.0
S0_structural,protect1R,PLTR,2025-05-22T13:30:00-04:00,124.91000366210938,123.74500274658203,-0.191,1.629,target,1.674
S0_structural,protect1R,PLTR,2025-09-26T13:30:00-04:00,177.4199981689453,178.67999267578125,0.159,1.444,time,-0.046
S0_structural,protect1R,AVGO,2025-08-26T13:30:00-04:00,298.8500061035156,294.2749938964844,-0.561,1.451,stop,-1.0
S_plus_adx,scanner,PLTR,2025-05-22T13:30:00-04:00,124.91000366210938,123.74500274658203,-0.191,1.629,target,1.674
S_plus_adx,scanner,PLTR,2025-09-26T13:30:00-04:00,177.4199981689453,178.67999267578125,0.159,1.444,time,-0.046
S_plus_adx,scanner,TSLA,2025-06-11T09:30:00-04:00,334.05499267578125,314.0,-0.801,0.057,stop,-1.0
S_plus_adx,scanner,TSLA,2025-06-16T09:30:00-04:00,331.17999267578125,318.5299987792969,-0.632,0.043,stop,-1.0
S_plus_adx,scanner,SOFI,2025-10-06T13:30:00-04:00,26.935100555419922,27.079999923706055,0.118,0.044,target,2.229
S_plus_adx,scanner,AAPL,2026-06-16T13:30:00-04:00,300.260009765625,296.79998779296875,-0.544,0.275,stop,-1.0
S_plus_adx,scanner,MSFT,2025-09-25T09:30:00-04:00,507.2099914550781,507.95001220703125,0.177,0.924,target,5.58
S_plus_adx,scanner,COIN,2025-10-20T13:30:00-04:00,349.05999755859375,342.19500732421875,-0.477,0.033,stop,-1.0
S_plus_adx,scanner,AVGO,2025-08-26T13:30:00-04:00,298.8500061035156,294.2749938964844,-0.561,1.451,stop,-1.0
S_plus_adx,protect1R,PLTR,2025-05-22T13:30:00-04:00,124.91000366210938,123.74500274658203,-0.191,1.629,target,1.674
S_plus_adx,protect1R,PLTR,2025-09-26T13:30:00-04:00,177.4199981689453,178.67999267578125,0.159,1.444,time,-0.046
S_plus_adx,protect1R,AVGO,2025-08-26T13:30:00-04:00,298.8500061035156,294.2749938964844,-0.561,1.451,stop,-1.0
S0_structural,scanner,PLTR,2025-05-22T13:30:00-04:00,124.91000366210938,123.74500274658203,-0.191,1.629,target,1.674
S0_structural,scanner,PLTR,2025-09-26T13:30:00-04:00,177.4199981689453,178.67999267578125,0.159,1.444,time,-0.046
S0_structural,scanner,TSLA,2025-06-11T09:30:00-04:00,334.05499267578125,314.0,-0.801,0.057,stop,-1.0
S0_structural,scanner,TSLA,2025-06-16T09:30:00-04:00,331.17999267578125,318.5299987792969,-0.632,0.043,stop,-1.0
S0_structural,scanner,TSLA,2025-07-30T09:30:00-04:00,322.19500732421875,317.8699951171875,-0.387,0.196,stop,-1.0
S0_structural,scanner,SOFI,2025-10-06T13:30:00-04:00,26.935100555419922,27.079999923706055,0.118,0.044,target,2.229
S0_structural,scanner,SOFI,2026-09-03T13:30:00-04:00,18.354999542236328,17.959999084472656,-0.474,0.407,stop,-1.0
S0_structural,scanner,AAPL,2026-06-16T13:30:00-04:00,300.260009765625,296.79998779296875,-0.544,0.275,stop,-1.0
S0_structural,scanner,AAPL,2026-06-23T13:30:00-04:00,299.3949890136719,295.375,-0.708,0.118,stop,-1.0
S0_structural,scanner,MSFT,2025-09-25T09:30:00-04:00,507.2099914550781,507.95001220703125,0.177,0.924,target,5.58
S0_structural,scanner,COIN,2025-10-20T13:30:00-04:00,349.05999755859375,342.19500732421875,-0.477,0.033,stop,-1.0
S0_structural,scanner,MSTR,2025-06-04T09:30:00-04:00,384.94000244140625,375.1099853515625,-0.61,0.072,stop,-1.0
S0_structural,scanner,AVGO,2025-08-26T13:30:00-04:00,298.8500061035156,294.2749938964844,-0.561,1.451,stop,-1.0
S0_structural,scanner,AMZN,2025-08-08T09:30:00-04:00,223.13999938964844,221.68350219726562,-0.338,0.144,target,2.303
S0_structural,scanner,AMZN,2026-05-21T13:30:00-04:00,267.30999755859375,261.8699951171875,-0.796,1.068,stop,-1.0
S0_structural,scanner,MU,2026-07-09T13:30:00-04:00,1024.969970703125,965.0800170898438,-0.884,0.011,stop,-1.0
S0_structural,scanner,LRCX,2025-08-04T13:30:00-04:00,98.33999633789062,96.56500244140625,-0.627,0.349,stop,-1.0
S0_structural,scanner,AMAT,2026-07-10T13:30:00-04:00,605.97998046875,572.72998046875,-0.849,0.082,stop,-1.0
S0_structural,scanner,QCOM,2025-08-21T09:30:00-04:00,154.8238983154297,153.38999938964844,-0.611,0.154,target,2.651
S0_structural,scanner,QCOM,2025-12-19T12:30:00-05:00,176.82000732421875,173.15890502929688,-0.779,0.313,stop,-1.0
S0_structural,scanner,APP,2026-07-08T13:30:00-04:00,522.8900146484375,505.7799987792969,-0.578,0.372,stop,-1.0
S0_structural,scanner,SNOW,2025-07-18T13:30:00-04:00,216.22000122070312,211.5749969482422,-0.9,0.476,stop,-1.0
S0_structural,scanner,DDOG,2026-08-11T09:30:00-04:00,257.3500061035156,251.3699951171875,-0.483,0.071,stop,-1.0
S0_structural,scanner,DDOG,2026-08-14T13:30:00-04:00,256.8699951171875,249.72000122070312,-0.481,0.072,stop,-1.0
S0_structural,scanner,CRWD,2026-09-03T13:30:00-04:00,213.1699981689453,205.625,-0.565,0.381,target,1.701
S0_structural,scanner,RKLB,2025-09-18T13:30:00-04:00,48.7599983215332,46.400001525878906,-0.824,1.869,stop,-1.0
S0_structural,scanner,LUNR,2025-10-24T09:30:00-04:00,12.539999961853027,11.729999542236328,-0.675,0.704,stop,-1.0
S0_structural,scanner,LUNR,2026-03-10T09:30:00-04:00,18.049999237060547,17.809999465942383,-0.137,0.831,target,1.957
S0_structural,scanner,NU,2025-06-18T13:30:00-04:00,12.204999923706055,12.069999694824219,-0.392,0.631,stop,-1.0
S0_structural,scanner,MELI,2025-06-16T13:30:00-04:00,2458.9951171875,2406.820068359375,-0.955,0.268,stop,-1.0
S0_structural,scanner,SPY,2026-06-29T13:30:00-04:00,740.135009765625,747.0599975585938,0.669,1.559,time,0.83
S0_structural,scanner,IWM,2025-07-17T09:30:00-04:00,221.0800018310547,219.72999572753906,-0.461,1.802,stop,-1.0
S0_structural,scanner,IWM,2025-12-19T12:30:00-05:00,251.27000427246094,248.17999267578125,-0.784,0.945,stop,-1.0
S0_structural,scanner,NIO,2025-10-21T09:30:00-04:00,6.879899978637695,6.829999923706055,-0.448,0.299,stop,-1.0
S0_structural,scanner,NIO,2025-10-24T13:30:00-04:00,6.980000019073486,7.074999809265137,0.334,0.073,stop,-1.0
S0_structural,scanner,PFE,2025-09-03T09:30:00-04:00,24.8799991607666,24.779800415039062,-0.505,1.1,stop,-1.0
S0_structural,scanner,F,2025-12-19T12:30:00-05:00,13.420100212097168,13.210000038146973,-0.874,0.769,stop,-1.0
S0_structural,scanner,F,2026-01-22T08:30:00-05:00,13.779999732971191,13.5600004196167,-0.745,0.198,stop,-1.0
S0_structural,protect1R,PLTR,2025-05-22T13:30:00-04:00,124.91000366210938,123.74500274658203,-0.191,1.629,target,1.674
S0_structural,protect1R,PLTR,2025-09-26T13:30:00-04:00,177.4199981689453,178.67999267578125,0.159,1.444,time,-0.046
S0_structural,protect1R,AVGO,2025-08-26T13:30:00-04:00,298.8500061035156,294.2749938964844,-0.561,1.451,stop,-1.0
S0_structural,protect1R,AMZN,2026-05-21T13:30:00-04:00,267.30999755859375,261.8699951171875,-0.796,1.068,stop,-1.0
S0_structural,protect1R,RKLB,2025-09-18T13:30:00-04:00,48.7599983215332,46.400001525878906,-0.824,1.869,stop,-1.0
S0_structural,protect1R,LUNR,2026-03-10T09:30:00-04:00,18.049999237060547,18.420000076293945,0.201,1.523,target,1.957
S0_structural,protect1R,SPY,2026-06-29T13:30:00-04:00,740.135009765625,747.0599975585938,0.669,1.559,time,0.83
S0_structural,protect1R,IWM,2025-07-17T09:30:00-04:00,221.0800018310547,219.72999572753906,-0.461,1.802,stop,-1.0
S0_structural,protect1R,NIO,2025-10-24T13:30:00-04:00,6.980000019073486,6.721799850463867,-0.947,2.031,stop,-1.0
S0_structural,protect1R,PFE,2025-09-03T09:30:00-04:00,24.8799991607666,24.779800415039062,-0.505,1.1,stop,-1.0
S_plus_adx,scanner,PLTR,2025-05-22T13:30:00-04:00,124.91000366210938,123.74500274658203,-0.191,1.629,target,1.674
S_plus_adx,scanner,PLTR,2025-09-26T13:30:00-04:00,177.4199981689453,178.67999267578125,0.159,1.444,time,-0.046
S_plus_adx,scanner,TSLA,2025-06-11T09:30:00-04:00,334.05499267578125,314.0,-0.801,0.057,stop,-1.0
S_plus_adx,scanner,TSLA,2025-06-16T09:30:00-04:00,331.17999267578125,318.5299987792969,-0.632,0.043,stop,-1.0
S_plus_adx,scanner,SOFI,2025-10-06T13:30:00-04:00,26.935100555419922,27.079999923706055,0.118,0.044,target,2.229
S_plus_adx,scanner,AAPL,2026-06-16T13:30:00-04:00,300.260009765625,296.79998779296875,-0.544,0.275,stop,-1.0
S_plus_adx,scanner,MSFT,2025-09-25T09:30:00-04:00,507.2099914550781,507.95001220703125,0.177,0.924,target,5.58
S_plus_adx,scanner,COIN,2025-10-20T13:30:00-04:00,349.05999755859375,342.19500732421875,-0.477,0.033,stop,-1.0
S_plus_adx,scanner,AVGO,2025-08-26T13:30:00-04:00,298.8500061035156,294.2749938964844,-0.561,1.451,stop,-1.0
S_plus_adx,scanner,AMZN,2025-08-08T09:30:00-04:00,223.13999938964844,221.68350219726562,-0.338,0.144,target,2.303
S_plus_adx,scanner,AMZN,2026-05-21T13:30:00-04:00,267.30999755859375,261.8699951171875,-0.796,1.068,stop,-1.0
S_plus_adx,scanner,MU,2026-07-09T13:30:00-04:00,1024.969970703125,965.0800170898438,-0.884,0.011,stop,-1.0
S_plus_adx,scanner,AMAT,2026-07-10T13:30:00-04:00,605.97998046875,572.72998046875,-0.849,0.082,stop,-1.0
S_plus_adx,scanner,QCOM,2025-08-21T09:30:00-04:00,154.8238983154297,153.38999938964844,-0.611,0.154,target,2.651
S_plus_adx,scanner,SNOW,2025-07-18T13:30:00-04:00,216.22000122070312,211.5749969482422,-0.9,0.476,stop,-1.0
S_plus_adx,scanner,DDOG,2026-08-11T09:30:00-04:00,257.3500061035156,251.3699951171875,-0.483,0.071,stop,-1.0
S_plus_adx,scanner,CRWD,2026-09-03T13:30:00-04:00,213.1699981689453,205.625,-0.565,0.381,target,1.701
S_plus_adx,scanner,RKLB,2025-09-18T13:30:00-04:00,48.7599983215332,46.400001525878906,-0.824,1.869,stop,-1.0
S_plus_adx,scanner,LUNR,2025-10-24T09:30:00-04:00,12.539999961853027,11.729999542236328,-0.675,0.704,stop,-1.0
S_plus_adx,scanner,MELI,2025-06-16T13:30:00-04:00,2458.9951171875,2406.820068359375,-0.955,0.268,stop,-1.0
S_plus_adx,scanner,SPY,2026-06-29T13:30:00-04:00,740.135009765625,747.0599975585938,0.669,1.559,time,0.83
S_plus_adx,scanner,IWM,2025-07-17T09:30:00-04:00,221.0800018310547,219.72999572753906,-0.461,1.802,stop,-1.0
S_plus_adx,scanner,IWM,2025-12-19T12:30:00-05:00,251.27000427246094,248.17999267578125,-0.784,0.945,stop,-1.0
S_plus_adx,scanner,NIO,2025-10-21T09:30:00-04:00,6.879899978637695,6.829999923706055,-0.448,0.299,stop,-1.0
S_plus_adx,scanner,NIO,2025-10-24T13:30:00-04:00,6.980000019073486,7.074999809265137,0.334,0.073,stop,-1.0
S_plus_adx,scanner,F,2025-12-19T12:30:00-05:00,13.420100212097168,13.210000038146973,-0.874,0.769,stop,-1.0
S_plus_adx,scanner,F,2026-01-22T08:30:00-05:00,13.779999732971191,13.5600004196167,-0.745,0.198,stop,-1.0
S_plus_adx,protect1R,PLTR,2025-05-22T13:30:00-04:00,124.91000366210938,123.74500274658203,-0.191,1.629,target,1.674
S_plus_adx,protect1R,PLTR,2025-09-26T13:30:00-04:00,177.4199981689453,178.67999267578125,0.159,1.444,time,-0.046
S_plus_adx,protect1R,AVGO,2025-08-26T13:30:00-04:00,298.8500061035156,294.2749938964844,-0.561,1.451,stop,-1.0
S_plus_adx,protect1R,AMZN,2026-05-21T13:30:00-04:00,267.30999755859375,261.8699951171875,-0.796,1.068,stop,-1.0
S_plus_adx,protect1R,RKLB,2025-09-18T13:30:00-04:00,48.7599983215332,46.400001525878906,-0.824,1.869,stop,-1.0
S_plus_adx,protect1R,SPY,2026-06-29T13:30:00-04:00,740.135009765625,747.0599975585938,0.669,1.559,time,0.83
S_plus_adx,protect1R,IWM,2025-07-17T09:30:00-04:00,221.0800018310547,219.72999572753906,-0.461,1.802,stop,-1.0
S_plus_adx,protect1R,NIO,2025-10-24T13:30:00-04:00,6.980000019073486,6.721799850463867,-0.947,2.031,stop,-1.0
F_minus_market,scanner,DDOG,2026-08-11T09:30:00-04:00,257.3500061035156,251.3699951171875,-0.483,0.071,stop,-1.0
F_minus_market,scanner,RKLB,2025-09-18T13:30:00-04:00,48.7599983215332,46.400001525878906,-0.824,1.869,stop,-1.0
F_minus_market,scanner,SPY,2026-06-30T09:30:00-04:00,741.2899780273438,747.0599975585938,0.527,1.376,time,0.678
F_minus_market,scanner,F,2026-01-22T08:30:00-05:00,13.779999732971191,13.5600004196167,-0.745,0.198,stop,-1.0
F_minus_market,protect1R,RKLB,2025-09-18T13:30:00-04:00,48.7599983215332,46.400001525878906,-0.824,1.869,stop,-1.0
F_minus_market,protect1R,SPY,2026-06-30T09:30:00-04:00,741.2899780273438,747.0599975585938,0.527,1.376,time,0.678
