symbol,setup,entry_date,exit_bar,hold_bars,regime,market_gate,entry,stop,target,breakdown_level,exit,reason,borrow_pct,ret_pct,r_multiple
NVDA,S1_BREAKDOWN,2022-02-24T13:30:00+00:00,242,1,RISK-OFF,BLOCK,22.2477,23.0809,20.5749,22.2986,23.0809,stop,0.004,-3.789,-1.0
NVDA,S1_BREAKDOWN,2022-04-06T13:30:00+00:00,302,3,RISK-OFF,BLOCK,24.3586,25.2045,22.6522,25.5746,24.0497,fast-fail,0.0079,1.22,0.365
NVDA,S1_BREAKDOWN,2022-04-08T13:30:00+00:00,307,4,RISK-OFF,BLOCK,23.2266,24.0413,21.5971,23.4746,21.5971,target,0.0119,6.964,2.0
NVDA,S2_PULLBACK_SHORT,2022-04-12T17:30:00+00:00,310,2,RISK-OFF,CAUTION,21.7087,23.1376,18.2029,21.6576,21.9627,fast-fail,0.004,-1.214,-0.178
NVDA,S2_PULLBACK_SHORT,2022-04-14T17:30:00+00:00,314,2,RISK-OFF,BLOCK,21.2577,23.1107,17.4496,21.6576,21.9316,fast-fail,0.004,-3.214,-0.364
NVDA,S2_PULLBACK_SHORT,2022-04-21T13:30:00+00:00,324,5,RISK-OFF,BLOCK,20.4046,23.1064,14.9921,21.6576,19.4436,fast-fail,0.0119,4.658,0.356
NVDA,S2_PULLBACK_SHORT,2022-04-29T13:30:00+00:00,335,4,RISK-OFF,BLOCK,19.0437,20.822,15.4962,19.9996,19.5377,fast-fail,0.0119,-2.646,-0.278
NVDA,S1_BREAKDOWN,2022-05-09T13:30:00+00:00,346,3,RISK-OFF,BLOCK,17.0877,18.5313,14.2002,18.2717,17.9136,fast-fail,0.0079,-4.881,-0.572
NVDA,S1_BREAKDOWN,2022-05-12T13:30:00+00:00,351,2,RISK-OFF,BLOCK,15.6926,17.2105,12.6567,16.5656,17.2007,fast-fail,0.0079,-9.658,-0.994
NVDA,S1_BREAKDOWN,2022-06-16T13:30:00+00:00,399,2,RISK-OFF,BLOCK,15.4636,16.0553,14.2772,15.4956,15.8837,fast-fail,0.0079,-2.765,-0.71
NVDA,S1_BREAKDOWN,2022-07-01T13:30:00+00:00,420,3,RISK-OFF,CAUTION,14.5076,15.2329,13.0543,14.8596,14.8246,fast-fail,0.0079,-2.233,-0.437
NVDA,S3_BULL_TRAP,2022-08-08T13:30:00+00:00,469,2,RISK-ON,CAUTION,17.5116,19.5325,13.4728,19.2127,17.0866,fast-fail,0.0079,2.379,0.21
NVDA,S1_BREAKDOWN,2022-12-27T13:30:00+00:00,665,3,RISK-OFF,BLOCK,14.3236,15.0653,12.8433,14.8786,14.1537,fast-fail,0.0079,1.138,0.229
AAPL,S1_BREAKDOWN,2022-02-23T17:30:00+00:00,243,3,RISK-OFF,BLOCK,156.466,164.6464,151.5683,162.137,161.237,fast-fail,0.0079,-3.097,-0.583
AAPL,S1_BREAKDOWN,2022-03-14T13:30:00+00:00,268,3,RISK-OFF,BLOCK,150.986,155.8569,141.2441,154.476,153.677,fast-fail,0.0079,-1.83,-0.552
AAPL,S1_BREAKDOWN,2022-05-02T13:30:00+00:00,335,2,RISK-OFF,BLOCK,154.057,159.3328,143.5024,155.376,158.127,fast-fail,0.0079,-2.69,-0.771
AAPL,S1_BREAKDOWN,2022-05-19T13:30:00+00:00,363,4,RISK-OFF,CAUTION,137.796,143.0104,127.3372,138.787,139.776,fast-fail,0.0119,-1.489,-0.38
AAPL,S1_BREAKDOWN,2022-06-16T13:30:00+00:00,400,3,RISK-OFF,BLOCK,130.006,133.1118,123.7945,131.436,132.066,fast-fail,0.0079,-1.632,-0.663
AAPL,S1_BREAKDOWN,2022-08-26T13:30:00+00:00,498,3,RISK-OFF,BLOCK,164.896,172.059,150.573,166.236,162.087,fast-fail,0.0079,1.656,0.392
AAPL,S1_BREAKDOWN,2022-08-30T13:30:00+00:00,504,5,RISK-OFF,BLOCK,158.486,162.5926,150.2428,159.826,155.877,fast-fail,0.0119,1.594,0.635
AAPL,S2_PULLBACK_SHORT,2022-09-02T13:30:00+00:00,510,5,RISK-OFF,BLOCK,155.666,162.6805,141.67,159.826,155.526,fast-fail,0.0119,0.038,0.02
AAPL,S2_PULLBACK_SHORT,2022-09-08T13:30:00+00:00,513,2,RISK-OFF,CAUTION,153.547,157.6932,145.2217,154.666,156.047,fast-fail,0.0079,-1.676,-0.603
AAPL,S1_BREAKDOWN,2022-09-16T13:30:00+00:00,525,2,RISK-OFF,BLOCK,149.316,151.9389,144.0732,151.376,151.097,fast-fail,0.0079,-1.241,-0.679
AAPL,S1_BREAKDOWN,2022-12-28T13:30:00+00:00,667,3,RISK-OFF,BLOCK,127.647,131.7826,119.3128,128.716,129.826,fast-fail,0.0079,-1.755,-0.527
MSFT,S1_BREAKDOWN,2022-02-11T17:30:00+00:00,228,2,RISK-OFF,BLOCK,294.567,303.25,278.188,299.026,295.817,fast-fail,0.004,-0.468,-0.144
MSFT,S2_PULLBACK_SHORT,2022-02-15T13:30:00+00:00,231,2,RISK-OFF,CAUTION,297.996,303.2005,287.5901,299.026,293.976,fast-fail,0.0079,1.301,0.772
MSFT,S1_BREAKDOWN,2022-02-18T13:30:00+00:00,239,4,RISK-OFF,BLOCK,287.456,294.1545,274.0919,290.006,289.187,fast-fail,0.0119,-0.654,-0.258
MSFT,S1_BREAKDOWN,2022-02-23T17:30:00+00:00,242,2,RISK-OFF,BLOCK,277.826,288.9,262.7311,285.096,283.156,fast-fail,0.004,-1.962,-0.481
MSFT,S1_BREAKDOWN,2022-04-12T13:30:00+00:00,310,3,RISK-OFF,CAUTION,283.856,293.2423,265.0565,284.996,285.937,fast-fail,0.0079,-0.781,-0.222
MSFT,S2_PULLBACK_SHORT,2022-04-14T13:30:00+00:00,314,3,RISK-OFF,BLOCK,283.077,293.1611,262.9388,284.996,280.897,fast-fail,0.0079,0.722,0.216
MSFT,S2_PULLBACK_SHORT,2022-04-21T17:30:00+00:00,324,4,RISK-OFF,BLOCK,280.447,292.9905,256.4671,284.996,275.947,fast-fail,0.0079,1.557,0.359
MSFT,S2_PULLBACK_SHORT,2022-04-29T17:30:00+00:00,334,2,RISK-OFF,BLOCK,279.767,285.3538,261.0003,278.336,279.307,fast-fail,0.004,0.12,0.082
MSFT,S1_BREAKDOWN,2022-05-20T13:30:00+00:00,363,2,RISK-OFF,BLOCK,249.946,261.099,227.5529,250.016,256.626,fast-fail,0.0079,-2.721,-0.599
MSFT,S3_BULL_TRAP,2022-10-07T13:30:00+00:00,556,3,RISK-OFF,BLOCK,234.376,252.9241,197.2828,250.277,229.987,fast-fail,0.0079,1.825,0.237
MSFT,S3_BULL_TRAP,2022-10-26T13:30:00+00:00,584,5,RISK-OFF,BLOCK,235.026,253.4809,198.2092,246.687,233.816,fast-fail,0.0119,0.463,0.066
AMD,S3_BULL_TRAP,2022-02-11T13:30:00+00:00,228,3,RISK-OFF,BLOCK,117.107,135.3223,80.6764,131.407,117.147,fast-fail,0.0079,-0.082,-0.002
AMD,S1_BREAKDOWN,2022-02-18T13:30:00+00:00,237,2,RISK-OFF,BLOCK,111.226,115.9778,101.6654,111.796,117.047,fast-fail,0.0079,-5.281,-1.225
AMD,S2_PULLBACK_SHORT,2022-02-23T17:30:00+00:00,242,2,RISK-OFF,BLOCK,109.606,115.9406,97.4468,111.796,115.9406,stop,0.004,-5.823,-1.0
AMD,S3_BULL_TRAP,2022-03-31T13:30:00+00:00,295,4,RISK-ON,CAUTION,109.736,127.3075,74.626,122.617,108.777,fast-fail,0.0119,0.822,0.055
AMD,S2_PULLBACK_SHORT,2022-04-05T13:30:00+00:00,300,3,RISK-ON,BLOCK,107.116,110.7098,99.9613,109.006,103.726,fast-fail,0.0079,3.117,0.943
AMD,S1_BREAKDOWN,2022-04-08T13:30:00+00:00,305,2,RISK-OFF,BLOCK,100.816,104.4449,93.5611,100.916,97.087,fast-fail,0.0079,3.651,1.028
AMD,S1_BREAKDOWN,2022-04-12T13:30:00+00:00,310,3,RISK-OFF,CAUTION,95.867,101.2404,85.0901,95.926,96.747,fast-fail,0.0079,-0.966,-0.164
AMD,S2_PULLBACK_SHORT,2022-04-14T13:30:00+00:00,314,3,RISK-OFF,BLOCK,94.756,101.1232,82.0515,95.926,94.756,fast-fail,0.0079,-0.048,0.0
AMD,S2_PULLBACK_SHORT,2022-04-20T13:30:00+00:00,325,8,RISK-OFF,BLOCK,94.217,101.0254,80.6002,95.926,87.287,fast-fail,0.0198,7.296,1.018
AMD,S2_PULLBACK_SHORT,2022-04-29T13:30:00+00:00,334,3,RISK-OFF,BLOCK,87.056,88.907,83.324,87.926,88.907,stop,0.0079,-2.174,-1.0
AMD,S1_BREAKDOWN,2022-05-12T13:30:00+00:00,351,2,RISK-OFF,BLOCK,84.586,90.3912,73.0357,84.776,90.607,fast-fail,0.0079,-7.166,-1.037
AMD,S1_BREAKDOWN,2022-06-16T13:30:00+00:00,400,3,RISK-OFF,BLOCK,81.237,86.2663,71.1483,85.806,82.417,fast-fail,0.0079,-1.5,-0.235
AMD,S1_BREAKDOWN,2022-08-30T13:30:00+00:00,501,2,RISK-OFF,BLOCK,85.806,89.3992,78.6226,88.246,85.726,fast-fail,0.0079,0.045,0.022
AMD,S1_BREAKDOWN,2022-09-21T17:30:00+00:00,535,5,RISK-OFF,BLOCK,72.147,79.4347,64.4717,74.726,68.426,fast-fail,0.0119,5.106,0.511
AMD,S2_PULLBACK_SHORT,2022-09-26T17:30:00+00:00,539,3,RISK-OFF,BLOCK,68.296,69.7746,59.3089,66.816,67.857,fast-fail,0.0079,0.595,0.297
AMD,S1_BREAKDOWN,2022-09-29T13:30:00+00:00,546,5,RISK-OFF,BLOCK,63.547,66.6074,57.4262,65.996,66.156,fast-fail,0.0119,-4.158,-0.853
AMD,S3_BULL_TRAP,2022-10-27T17:30:00+00:00,584,2,RISK-OFF,BLOCK,60.927,62.9671,49.7668,61.967,61.626,fast-fail,0.004,-1.191,-0.343
AMD,S1_BREAKDOWN,2022-12-06T13:30:00+00:00,637,3,RISK-OFF,BLOCK,70.807,72.4966,67.4248,71.527,70.767,fast-fail,0.0079,0.009,0.024
AMD,S2_PULLBACK_SHORT,2022-12-13T13:30:00+00:00,646,2,CAUTIOUS,CAUTION,71.186,72.4661,68.5689,71.527,71.277,fast-fail,0.0079,-0.176,-0.071
AVGO,S1_BREAKDOWN,2022-06-16T13:30:00+00:00,400,3,RISK-OFF,BLOCK,49.4197,51.3796,45.4995,51.4346,49.7957,fast-fail,0.0079,-0.809,-0.192
AVGO,S1_BREAKDOWN,2022-08-31T13:30:00+00:00,504,3,RISK-OFF,CAUTION,49.7666,50.9627,47.3476,50.0596,48.4822,fast-fail,0.0079,2.533,1.074
AVGO,S2_PULLBACK_SHORT,2022-09-02T13:30:00+00:00,510,5,RISK-OFF,BLOCK,49.9217,51.0314,47.7051,50.0596,50.3916,fast-fail,0.0119,-0.993,-0.423
AVGO,S1_BREAKDOWN,2022-09-23T13:30:00+00:00,535,2,RISK-OFF,BLOCK,46.5276,47.8184,43.9461,47.2687,47.1127,fast-fail,0.0079,-1.305,-0.453
AVGO,S2_PULLBACK_SHORT,2022-09-26T17:30:00+00:00,539,3,RISK-OFF,BLOCK,46.4107,47.7648,42.9764,46.1996,46.0046,fast-fail,0.0079,0.827,0.3
AVGO,S1_BREAKDOWN,2022-09-29T13:30:00+00:00,546,5,RISK-OFF,BLOCK,44.6347,46.3103,41.3585,45.5996,45.8086,fast-fail,0.0119,-2.682,-0.701
AVGO,S3_BULL_TRAP,2022-11-03T13:30:00+00:00,595,4,RISK-OFF,BLOCK,44.5436,48.4628,36.6991,47.4187,46.5096,fast-fail,0.0119,-4.466,-0.502
TSLA,S3_BULL_TRAP,2022-02-11T17:30:00+00:00,231,5,RISK-OFF,BLOCK,290.6287,319.7326,219.6207,314.5353,301.662,fast-fail,0.0119,-3.848,-0.379
TSLA,S1_BREAKDOWN,2022-02-18T13:30:00+00:00,237,2,RISK-OFF,BLOCK,281.1687,296.7322,249.8925,283.5153,281.4023,fast-fail,0.0079,-0.131,-0.015
TSLA,S1_BREAKDOWN,2022-02-23T13:30:00+00:00,243,4,RISK-OFF,BLOCK,263.0957,274.8175,239.652,267.032,261.309,fast-fail,0.0119,0.627,0.152
TSLA,S1_BREAKDOWN,2022-03-14T13:30:00+00:00,268,3,RISK-OFF,BLOCK,255.442,271.959,222.408,263.999,264.6687,fast-fail,0.0079,-3.66,-0.559
TSLA,S1_BREAKDOWN,2022-04-11T13:30:00+00:00,310,5,RISK-OFF,BLOCK,329.342,341.3622,305.3116,340.4987,338.019,fast-fail,0.0119,-2.687,-0.722
TSLA,S1_BREAKDOWN,2022-05-11T13:30:00+00:00,351,4,RISK-OFF,BLOCK,247.052,274.6876,191.7807,258.0287,255.2387,fast-fail,0.0119,-3.366,-0.296
TSLA,S2_PULLBACK_SHORT,2022-05-16T17:30:00+00:00,356,2,RISK-OFF,BLOCK,248.7253,259.477,205.182,242.3653,251.6153,fast-fail,0.004,-1.206,-0.269
TSLA,S2_PULLBACK_SHORT,2022-05-18T13:30:00+00:00,363,6,RISK-OFF,BLOCK,235.1123,259.4859,186.3641,242.3653,216.0123,fast-fail,0.0159,8.068,0.784
TSLA,S3_BULL_TRAP,2022-06-03T13:30:00+00:00,382,3,RISK-OFF,BLOCK,234.6857,270.0892,163.8886,259.2787,240.3557,fast-fail,0.0079,-2.464,-0.16
TSLA,S3_BULL_TRAP,2022-09-22T13:30:00+00:00,539,8,RISK-OFF,BLOCK,289.796,317.2519,234.8842,313.287,280.247,fast-fail,0.0198,3.235,0.348
TSLA,S1_BREAKDOWN,2022-10-07T13:30:00+00:00,556,3,RISK-OFF,BLOCK,223.726,235.9463,199.1053,233.246,224.927,fast-fail,0.0079,-0.585,-0.098
TSLA,S1_BREAKDOWN,2022-10-11T13:30:00+00:00,560,3,RISK-OFF,CAUTION,220.596,228.5761,204.6357,220.696,216.196,fast-fail,0.0079,1.947,0.551
TSLA,S2_PULLBACK_SHORT,2022-10-19T13:30:00+00:00,571,2,RISK-OFF,BLOCK,220.256,228.4385,203.894,220.696,204.137,fast-fail,0.0079,7.27,1.97
TSLA,S3_BULL_TRAP,2022-11-02T13:30:00+00:00,597,8,RISK-OFF,CAUTION,221.866,236.895,191.541,230.467,191.541,target,0.0198,13.608,2.018
TSLA,S1_BREAKDOWN,2022-11-09T17:30:00+00:00,601,1,RISK-OFF,BLOCK,187.856,188.3931,155.9748,183.536,188.3931,stop,0.004,-0.33,-1.0
TSLA,S2_PULLBACK_SHORT,2022-11-17T17:30:00+00:00,614,2,CAUTIOUS,CAUTION,179.516,188.0588,173.4134,183.536,178.076,fast-fail,0.004,0.758,0.169
TSLA,S1_BREAKDOWN,2022-12-13T13:30:00+00:00,647,3,CAUTIOUS,CAUTION,159.397,172.726,132.6161,167.516,159.386,fast-fail,0.0079,-0.041,0.001
TSLA,S1_BREAKDOWN,2022-12-16T13:30:00+00:00,653,3,RISK-OFF,BLOCK,150.866,159.1694,134.2592,155.296,150.686,fast-fail,0.0079,0.071,0.022
TSLA,S1_BREAKDOWN,2022-12-20T13:30:00+00:00,657,3,RISK-OFF,CAUTION,141.657,151.3614,122.2452,145.796,139.047,fast-fail,0.0079,1.795,0.269
TSLA,S1_BREAKDOWN,2022-12-22T13:30:00+00:00,661,3,RISK-OFF,BLOCK,124.787,136.5975,101.253,136.346,124.267,fast-fail,0.0079,0.369,0.044
TSLA,S1_BREAKDOWN,2022-12-27T13:30:00+00:00,665,3,RISK-OFF,BLOCK,113.096,119.5017,100.2577,121.316,113.756,fast-fail,0.0079,-0.632,-0.103
PLTR,S3_BULL_TRAP,2022-04-06T17:30:00+00:00,306,6,RISK-OFF,BLOCK,13.118,14.9587,9.0166,14.648,12.737,fast-fail,0.0119,2.853,0.207
PLTR,S1_BREAKDOWN,2022-04-26T13:30:00+00:00,330,5,RISK-OFF,BLOCK,11.217,11.8156,10.0529,11.718,10.968,fast-fail,0.0119,2.168,0.416
PLTR,S2_PULLBACK_SHORT,2022-04-29T13:30:00+00:00,335,4,RISK-OFF,BLOCK,10.628,11.4029,9.0482,11.098,10.857,fast-fail,0.0119,-2.207,-0.296
PLTR,S2_PULLBACK_SHORT,2022-05-05T13:30:00+00:00,343,4,RISK-OFF,BLOCK,10.138,10.8836,8.6769,10.358,8.6769,target,0.0119,14.361,1.96
PLTR,S1_BREAKDOWN,2022-05-11T13:30:00+00:00,350,3,RISK-OFF,BLOCK,6.768,7.6542,4.9656,6.928,7.168,fast-fail,0.0079,-5.958,-0.451
PLTR,S3_BULL_TRAP,2022-07-11T17:30:00+00:00,430,2,RISK-OFF,BLOCK,9.388,10.5371,7.5998,10.278,9.508,fast-fail,0.004,-1.322,-0.104
PLTR,S3_BULL_TRAP,2022-08-08T13:30:00+00:00,471,4,RISK-ON,CAUTION,10.058,11.7991,6.6057,11.398,9.438,fast-fail,0.0119,6.112,0.356
PLTR,S1_BREAKDOWN,2022-08-30T13:30:00+00:00,501,2,RISK-OFF,BLOCK,7.728,7.9905,7.203,7.758,7.868,fast-fail,0.0079,-1.86,-0.533
PLTR,S2_PULLBACK_SHORT,2022-08-31T17:30:00+00:00,504,2,RISK-OFF,BLOCK,7.418,7.9814,7.1612,7.758,7.328,fast-fail,0.004,1.169,0.16
PLTR,S1_BREAKDOWN,2022-11-04T13:30:00+00:00,595,2,RISK-OFF,CAUTION,7.698,8.2762,6.5116,7.868,7.348,fast-fail,0.0079,4.499,0.605
PLTR,S2_PULLBACK_SHORT,2022-11-10T13:30:00+00:00,602,1,RISK-OFF,CAUTION,7.568,7.6168,7.4405,7.648,7.6168,stop,0.004,-0.688,-1.0
PLTR,S1_BREAKDOWN,2022-12-23T13:30:00+00:00,662,2,RISK-OFF,CAUTION,6.158,6.3283,5.8473,6.178,5.978,fast-fail,0.0079,2.875,1.057
NFLX,S1_BREAKDOWN,2022-02-22T13:30:00+00:00,242,5,RISK-OFF,BLOCK,37.8517,39.8665,33.7798,38.5636,37.2967,fast-fail,0.0119,1.414,0.275
NFLX,S1_BREAKDOWN,2022-03-14T13:30:00+00:00,268,3,RISK-OFF,BLOCK,33.0817,34.4356,30.3739,33.9826,34.4356,stop,0.0079,-4.141,-1.0
NFLX,S1_BREAKDOWN,2022-04-25T13:30:00+00:00,325,2,RISK-OFF,CAUTION,20.5337,21.9814,17.635,21.0016,20.3387,fast-fail,0.0079,0.902,0.135
NFLX,S1_BREAKDOWN,2022-04-27T13:30:00+00:00,330,3,RISK-OFF,CAUTION,19.1037,20.5186,16.2739,19.8146,19.8976,fast-fail,0.0079,-4.204,-0.561
NFLX,S2_PULLBACK_SHORT,2022-04-29T13:30:00+00:00,335,4,RISK-OFF,BLOCK,19.5687,20.4446,17.8168,19.8146,19.9717,fast-fail,0.0119,-2.111,-0.46
NFLX,S1_BREAKDOWN,2022-05-06T13:30:00+00:00,346,5,RISK-OFF,BLOCK,18.0516,18.9519,16.2544,18.5536,18.1567,fast-fail,0.0119,-0.634,-0.117
NFLX,S2_PULLBACK_SHORT,2022-05-11T13:30:00+00:00,351,4,RISK-OFF,BLOCK,16.7956,18.62,13.1621,17.6947,17.8966,fast-fail,0.0119,-6.607,-0.603
NFLX,S1_BREAKDOWN,2022-06-14T13:30:00+00:00,395,2,RISK-OFF,CAUTION,16.6067,17.3341,15.1459,16.8916,17.3527,fast-fail,0.0079,-4.54,-1.026
NFLX,S1_BREAKDOWN,2022-11-04T13:30:00+00:00,587,2,RISK-OFF,CAUTION,25.5806,27.3158,22.1344,26.8736,25.3206,fast-fail,0.0079,0.968,0.15
NFLX,S1_BREAKDOWN,2022-12-15T13:30:00+00:00,643,3,RISK-OFF,BLOCK,28.7657,30.1807,25.9326,30.2196,29.1776,fast-fail,0.0079,-1.48,-0.291
CRM,S1_BREAKDOWN,2022-02-11T17:30:00+00:00,231,5,RISK-OFF,BLOCK,207.727,214.7598,192.7914,210.287,208.866,fast-fail,0.0119,-0.6,-0.162
CRM,S2_PULLBACK_SHORT,2022-02-17T13:30:00+00:00,242,9,RISK-OFF,BLOCK,202.436,211.2477,184.8125,206.096,196.126,fast-fail,0.0198,3.057,0.716
CRM,S1_BREAKDOWN,2022-05-09T13:30:00+00:00,346,3,RISK-OFF,BLOCK,163.837,171.699,148.1129,165.526,169.756,fast-fail,0.0079,-3.661,-0.753
CRM,S2_PULLBACK_SHORT,2022-05-11T13:30:00+00:00,352,5,RISK-OFF,BLOCK,161.796,171.7025,141.9859,165.526,165.596,fast-fail,0.0119,-2.401,-0.384
CRM,S2_PULLBACK_SHORT,2022-05-18T13:30:00+00:00,360,3,RISK-OFF,BLOCK,156.517,169.4009,130.5692,160.786,158.066,fast-fail,0.0079,-1.038,-0.12
CRM,S2_PULLBACK_SHORT,2022-05-25T13:30:00+00:00,369,2,RISK-OFF,CAUTION,158.806,165.4762,145.4657,157.076,160.616,fast-fail,0.0079,-1.188,-0.271
CRM,S3_BULL_TRAP,2022-06-10T17:30:00+00:00,395,5,RISK-OFF,BLOCK,170.336,195.0266,145.3447,190.507,166.936,fast-fail,0.0119,1.944,0.138
CRM,S1_BREAKDOWN,2022-06-16T13:30:00+00:00,400,3,RISK-OFF,BLOCK,160.167,166.8895,146.689,162.126,165.476,fast-fail,0.0079,-3.363,-0.79
CRM,S1_BREAKDOWN,2022-08-26T13:30:00+00:00,505,10,RISK-OFF,BLOCK,165.786,177.5918,142.1774,166.306,154.266,fast-fail,0.0238,6.885,0.976
CRM,S1_BREAKDOWN,2022-09-16T13:30:00+00:00,525,2,RISK-OFF,BLOCK,149.887,153.5535,142.551,150.446,152.427,fast-fail,0.0079,-1.743,-0.693
CRM,S2_PULLBACK_SHORT,2022-09-20T13:30:00+00:00,530,3,RISK-OFF,BLOCK,148.906,153.4722,139.8967,150.446,151.016,fast-fail,0.0079,-1.465,-0.462
CRM,S2_PULLBACK_SHORT,2022-09-22T13:30:00+00:00,533,2,RISK-OFF,BLOCK,150.127,155.0096,140.5089,148.826,145.456,fast-fail,0.0079,3.063,0.957
CRM,S2_PULLBACK_SHORT,2022-09-26T13:30:00+00:00,539,4,RISK-OFF,BLOCK,145.287,155.0862,125.8356,148.826,147.636,fast-fail,0.0119,-1.669,-0.24
CRM,S1_BREAKDOWN,2022-09-30T17:30:00+00:00,546,2,RISK-OFF,BLOCK,144.086,147.5972,134.8467,144.656,147.227,fast-fail,0.004,-2.224,-0.895
CRM,S1_BREAKDOWN,2022-11-04T13:30:00+00:00,595,2,RISK-OFF,CAUTION,137.127,143.8174,123.7431,146.086,140.707,fast-fail,0.0079,-2.659,-0.535
ORCL,S3_BULL_TRAP,2022-02-10T17:30:00+00:00,228,4,RISK-OFF,BLOCK,81.446,84.3375,76.746,82.897,79.216,fast-fail,0.0079,2.69,0.771
ORCL,S1_BREAKDOWN,2022-02-22T13:30:00+00:00,243,6,RISK-OFF,BLOCK,74.216,75.5092,71.6296,74.256,75.026,fast-fail,0.0159,-1.147,-0.626
ORCL,S3_BULL_TRAP,2022-04-06T13:30:00+00:00,301,2,RISK-OFF,BLOCK,81.926,85.0967,75.5846,84.357,81.357,fast-fail,0.0079,0.647,0.179
ORCL,S1_BREAKDOWN,2022-05-02T13:30:00+00:00,335,2,RISK-OFF,BLOCK,72.796,75.1876,68.0159,73.127,73.536,fast-fail,0.0079,-1.064,-0.309
ORCL,S2_PULLBACK_SHORT,2022-05-05T13:30:00+00:00,343,4,RISK-OFF,BLOCK,72.627,75.2281,67.5149,73.127,72.197,fast-fail,0.0119,0.54,0.165
ORCL,S2_PULLBACK_SHORT,2022-05-11T13:30:00+00:00,351,4,RISK-OFF,BLOCK,71.067,75.2113,62.7755,73.127,71.246,fast-fail,0.0119,-0.304,-0.043
ORCL,S1_BREAKDOWN,2022-05-18T13:30:00+00:00,360,3,RISK-OFF,BLOCK,68.356,71.4483,62.1444,68.816,67.586,fast-fail,0.0079,1.079,0.249
ORCL,S1_BREAKDOWN,2022-06-13T13:30:00+00:00,393,2,RISK-OFF,BLOCK,64.917,66.3901,61.9679,66.916,66.3901,stop,0.0079,-2.317,-1.0
ORCL,S1_BREAKDOWN,2022-08-26T13:30:00+00:00,498,3,RISK-OFF,BLOCK,75.177,77.6218,70.3744,76.007,74.697,fast-fail,0.0079,0.591,0.196
ORCL,S1_BREAKDOWN,2022-08-30T13:30:00+00:00,501,2,RISK-OFF,BLOCK,73.917,74.744,72.293,74.016,74.777,fast-fail,0.0079,-1.211,-1.04
ORCL,S2_PULLBACK_SHORT,2022-09-02T13:30:00+00:00,506,1,RISK-OFF,BLOCK,74.747,74.7872,74.6635,74.016,74.7872,stop,0.004,-0.098,-1.0
ORCL,S2_PULLBACK_SHORT,2022-09-06T13:30:00+00:00,510,3,RISK-OFF,CAUTION,73.857,74.8228,71.9254,74.016,74.197,fast-fail,0.0079,-0.508,-0.352
ORCL,S3_BULL_TRAP,2022-09-14T13:30:00+00:00,527,8,RISK-OFF,CAUTION,72.107,78.675,58.938,77.096,67.836,fast-fail,0.0198,5.863,0.65
ORCL,S2_PULLBACK_SHORT,2022-09-21T17:30:00+00:00,532,2,RISK-OFF,BLOCK,66.157,68.5792,63.0526,67.896,66.237,fast-fail,0.004,-0.165,-0.033
ORCL,S1_BREAKDOWN,2022-09-23T13:30:00+00:00,535,2,RISK-OFF,BLOCK,64.426,65.5467,62.1876,65.826,64.387,fast-fail,0.0079,0.013,0.035
ORCL,S2_PULLBACK_SHORT,2022-09-26T17:30:00+00:00,541,5,RISK-OFF,BLOCK,63.836,65.1814,59.9181,63.866,61.976,fast-fail,0.0119,2.862,1.382
ORCL,S2_PULLBACK_SHORT,2022-09-30T13:30:00+00:00,545,2,RISK-OFF,BLOCK,61.456,62.5422,59.2565,61.996,62.5422,stop,0.0079,-1.815,-1.0
ORCL,S3_BULL_TRAP,2022-12-05T13:30:00+00:00,636,4,CAUTIOUS,BLOCK,80.186,85.1526,70.2829,83.646,78.697,fast-fail,0.0119,1.805,0.3
ORCL,S2_PULLBACK_SHORT,2022-12-07T17:30:00+00:00,638,1,RISK-OFF,CAUTION,79.257,79.9158,76.4393,78.847,79.9158,stop,0.004,-0.875,-1.0
JPM,S1_BREAKDOWN,2022-03-01T13:30:00+00:00,249,2,RISK-OFF,BLOCK,135.677,139.3339,128.3602,139.766,137.977,fast-fail,0.0079,-1.743,-0.629
JPM,S1_BREAKDOWN,2022-03-07T13:30:00+00:00,258,3,RISK-OFF,BLOCK,130.047,133.3814,123.3752,132.396,131.006,fast-fail,0.0079,-0.785,-0.288
JPM,S2_PULLBACK_SHORT,2022-03-11T17:30:00+00:00,265,1,RISK-OFF,BLOCK,130.107,132.5115,121.1579,129.256,132.5115,stop,0.004,-1.892,-1.0
JPM,S1_BREAKDOWN,2022-04-13T13:30:00+00:00,313,4,RISK-OFF,CAUTION,127.426,130.2474,121.8133,128.717,126.926,fast-fail,0.0119,0.34,0.177
JPM,S1_BREAKDOWN,2022-04-26T13:30:00+00:00,328,3,RISK-OFF,BLOCK,123.006,127.431,114.156,123.087,122.606,fast-fail,0.0079,0.277,0.09
JPM,S2_PULLBACK_SHORT,2022-04-29T13:30:00+00:00,335,4,RISK-OFF,BLOCK,120.977,123.7143,115.4694,121.526,121.297,fast-fail,0.0119,-0.316,-0.117
JPM,S2_PULLBACK_SHORT,2022-05-11T13:30:00+00:00,351,4,RISK-OFF,BLOCK,118.746,122.3336,111.5709,120.947,119.167,fast-fail,0.0119,-0.406,-0.117
JPM,S1_BREAKDOWN,2022-06-14T13:30:00+00:00,396,3,RISK-OFF,CAUTION,114.267,118.4788,105.8433,115.046,115.296,fast-fail,0.0079,-0.948,-0.244
JPM,S3_BULL_TRAP,2022-06-29T17:30:00+00:00,416,2,RISK-OFF,CAUTION,111.266,119.8395,106.0921,117.917,112.877,fast-fail,0.004,-1.492,-0.188
JPM,S3_BULL_TRAP,2022-09-13T17:30:00+00:00,521,3,RISK-OFF,BLOCK,117.166,122.4114,104.3082,120.056,117.997,fast-fail,0.0079,-0.757,-0.158
JPM,S1_BREAKDOWN,2022-09-26T13:30:00+00:00,540,5,RISK-OFF,BLOCK,106.467,110.0241,99.3527,107.146,107.877,fast-fail,0.0119,-1.376,-0.396
JPM,S2_PULLBACK_SHORT,2022-09-29T13:30:00+00:00,543,2,RISK-OFF,BLOCK,105.526,108.4497,99.6486,106.046,106.906,fast-fail,0.0079,-1.356,-0.472
XOM,S3_BULL_TRAP,2022-04-22T13:30:00+00:00,324,3,RISK-OFF,BLOCK,85.497,90.4877,75.5457,88.847,80.467,fast-fail,0.0079,5.835,1.008
XOM,S1_BREAKDOWN,2022-06-16T13:30:00+00:00,399,2,RISK-OFF,BLOCK,91.117,93.7845,85.8091,93.256,85.8091,target,0.0079,5.777,1.99
XOM,S1_BREAKDOWN,2022-06-23T13:30:00+00:00,408,3,RISK-OFF,CAUTION,84.666,89.1701,75.5978,85.646,86.976,fast-fail,0.0079,-2.776,-0.513
XOM,S2_PULLBACK_SHORT,2022-06-30T13:30:00+00:00,417,2,RISK-OFF,CAUTION,85.556,89.1431,78.4148,85.646,86.067,fast-fail,0.0079,-0.645,-0.142
XOM,S1_BREAKDOWN,2022-07-05T13:30:00+00:00,421,2,RISK-OFF,CAUTION,83.197,86.9118,75.7675,83.516,83.086,fast-fail,0.0079,0.085,0.03
XOM,S1_BREAKDOWN,2022-09-26T13:30:00+00:00,538,3,RISK-OFF,BLOCK,84.326,87.1084,78.7642,85.006,85.787,fast-fail,0.0079,-1.78,-0.525
XOM,S3_BULL_TRAP,2022-11-09T17:30:00+00:00,603,3,RISK-OFF,BLOCK,109.787,115.5471,95.5038,113.977,112.756,fast-fail,0.0079,-2.752,-0.515
LLY,S1_BREAKDOWN,2022-04-21T13:30:00+00:00,321,2,RISK-OFF,BLOCK,289.717,294.172,280.7471,291.797,280.7471,target,0.0079,3.048,2.013
LLY,S2_PULLBACK_SHORT,2022-04-26T13:30:00+00:00,328,3,RISK-OFF,BLOCK,284.067,288.8771,274.4438,287.606,287.677,fast-fail,0.0079,-1.319,-0.751
LLY,S2_PULLBACK_SHORT,2022-05-02T13:30:00+00:00,334,1,RISK-OFF,BLOCK,285.416,289.0884,278.0713,287.606,289.0884,stop,0.004,-1.331,-1.0
LLY,S2_PULLBACK_SHORT,2022-05-03T13:30:00+00:00,337,2,RISK-OFF,CAUTION,286.016,289.1157,279.8196,287.606,284.466,fast-fail,0.0079,0.494,0.5
COST,S1_BREAKDOWN,2022-04-29T13:30:00+00:00,335,4,RISK-OFF,BLOCK,542.467,565.0918,497.2774,545.236,528.496,fast-fail,0.0119,2.524,0.618
COST,S2_PULLBACK_SHORT,2022-05-03T17:30:00+00:00,338,2,RISK-OFF,CAUTION,524.737,544.6005,494.367,529.036,529.846,fast-fail,0.004,-1.018,-0.257
COST,S2_PULLBACK_SHORT,2022-05-05T13:30:00+00:00,344,5,RISK-OFF,BLOCK,516.517,545.4413,458.6685,529.036,503.326,fast-fail,0.0119,2.502,0.456
COST,S1_BREAKDOWN,2022-05-12T13:30:00+00:00,352,3,RISK-OFF,BLOCK,483.027,503.1622,442.0936,486.996,492.897,fast-fail,0.0079,-2.091,-0.49
COST,S1_BREAKDOWN,2022-05-18T13:30:00+00:00,360,3,RISK-OFF,BLOCK,424.907,455.2431,363.2748,478.996,426.307,fast-fail,0.0079,-0.377,-0.046
COST,S1_BREAKDOWN,2022-05-20T13:30:00+00:00,363,2,RISK-OFF,BLOCK,409.726,426.8022,375.5766,418.526,419.857,fast-fail,0.0079,-2.521,-0.593
COST,S3_BULL_TRAP,2022-08-22T13:30:00+00:00,490,3,RISK-OFF,BLOCK,546.326,565.3378,508.3054,559.887,540.527,fast-fail,0.0079,1.014,0.305
COST,S1_BREAKDOWN,2022-08-30T13:30:00+00:00,504,5,RISK-OFF,BLOCK,523.197,535.3772,498.8337,525.296,523.656,fast-fail,0.0119,-0.14,-0.038
COST,S2_PULLBACK_SHORT,2022-09-02T13:30:00+00:00,508,3,RISK-OFF,BLOCK,518.647,535.5719,484.7972,525.296,519.746,fast-fail,0.0079,-0.26,-0.065
COST,S1_BREAKDOWN,2022-09-23T13:30:00+00:00,536,3,RISK-OFF,BLOCK,467.137,482.9783,435.3914,484.036,482.9783,stop,0.0079,-3.439,-1.0
COST,S3_BULL_TRAP,2022-10-07T17:30:00+00:00,556,2,RISK-OFF,BLOCK,464.497,497.9691,408.2298,492.187,467.876,fast-fail,0.004,-0.771,-0.101
COST,S3_BULL_TRAP,2022-12-01T17:30:00+00:00,634,5,RISK-ON,CAUTION,493.997,544.338,422.745,536.616,484.326,fast-fail,0.0119,1.906,0.192
COST,S1_BREAKDOWN,2022-12-06T17:30:00+00:00,636,1,RISK-OFF,BLOCK,479.867,486.3625,470.5331,481.146,486.3625,stop,0.004,-1.398,-1.0
COST,S1_BREAKDOWN,2022-12-15T13:30:00+00:00,652,4,RISK-OFF,BLOCK,465.497,474.9404,446.9071,475.996,461.456,fast-fail,0.0119,0.816,0.428
GOOGL,S1_BREAKDOWN,2022-02-23T17:30:00+00:00,242,2,RISK-OFF,BLOCK,126.9594,130.5007,121.6633,128.1998,128.4253,fast-fail,0.004,-1.199,-0.414
GOOGL,S1_BREAKDOWN,2022-04-12T13:30:00+00:00,310,3,RISK-OFF,CAUTION,127.8724,132.0698,119.7357,128.6563,129.3293,fast-fail,0.0079,-1.187,-0.347
GOOGL,S2_PULLBACK_SHORT,2022-04-20T17:30:00+00:00,321,3,RISK-OFF,BLOCK,129.1049,131.9782,119.743,128.6563,119.743,target,0.0079,7.203,3.258
GOOGL,S1_BREAKDOWN,2022-05-12T13:30:00+00:00,351,2,RISK-OFF,BLOCK,110.1033,115.7766,99.2522,112.0003,114.9194,fast-fail,0.0079,-4.422,-0.849
GOOGL,S1_BREAKDOWN,2022-08-22T13:30:00+00:00,493,6,RISK-OFF,BLOCK,114.256,116.0402,110.6576,115.806,116.0402,stop,0.0159,-1.617,-1.0
GOOGL,S1_BREAKDOWN,2022-11-02T17:30:00+00:00,594,4,RISK-OFF,BLOCK,85.497,92.2553,76.1475,89.027,85.366,fast-fail,0.0079,0.105,0.019
GOOGL,S1_BREAKDOWN,2022-12-22T13:30:00+00:00,660,2,RISK-OFF,BLOCK,86.716,88.9449,82.2882,87.816,87.756,fast-fail,0.0079,-1.247,-0.467
GOOGL,S2_PULLBACK_SHORT,2022-12-27T13:30:00+00:00,665,3,RISK-OFF,BLOCK,87.567,88.9166,84.8979,87.816,86.717,fast-fail,0.0079,0.923,0.63
AMZN,S1_BREAKDOWN,2022-03-07T13:30:00+00:00,258,3,RISK-OFF,BLOCK,139.2499,144.6723,128.4049,140.8529,139.8909,fast-fail,0.0079,-0.508,-0.118
AMZN,S2_PULLBACK_SHORT,2022-03-09T13:30:00+00:00,261,2,RISK-OFF,CAUTION,138.5638,141.5943,132.3591,139.2498,147.0673,fast-fail,0.0079,-6.185,-2.806
AMZN,S1_BREAKDOWN,2022-04-07T13:30:00+00:00,303,2,RISK-OFF,CAUTION,156.2538,161.1991,146.3633,157.2498,155.0498,fast-fail,0.0079,0.723,0.243
AMZN,S1_BREAKDOWN,2022-04-11T13:30:00+00:00,310,5,RISK-OFF,BLOCK,151.6624,155.5614,143.8659,153.9998,154.4204,fast-fail,0.0119,-1.87,-0.707
AMZN,S2_PULLBACK_SHORT,2022-04-14T13:30:00+00:00,314,3,RISK-OFF,BLOCK,152.6998,155.5626,146.9741,153.9998,152.6254,fast-fail,0.0079,0.001,0.026
AMZN,S2_PULLBACK_SHORT,2022-04-20T17:30:00+00:00,319,1,RISK-OFF,BLOCK,154.6874,155.5489,150.818,153.9998,150.818,target,0.004,2.457,4.492
AMZN,S1_BREAKDOWN,2022-04-22T13:30:00+00:00,324,3,RISK-OFF,BLOCK,143.8888,151.1308,129.4066,147.5043,143.9874,fast-fail,0.0079,-0.116,-0.014
AMZN,S1_BREAKDOWN,2022-04-29T13:30:00+00:00,334,3,RISK-OFF,BLOCK,124.5114,130.2748,112.9843,135.7498,121.2474,fast-fail,0.0079,2.574,0.566
AMZN,S1_BREAKDOWN,2022-05-05T13:30:00+00:00,346,7,RISK-OFF,BLOCK,116.6058,122.6722,104.2869,119.0003,110.2188,fast-fail,0.0159,5.422,1.053
AMZN,S1_BREAKDOWN,2022-05-11T13:30:00+00:00,351,4,RISK-OFF,BLOCK,104.5269,111.8835,89.8134,106.9998,110.5824,fast-fail,0.0119,-5.845,-0.823
AMZN,S2_PULLBACK_SHORT,2022-05-20T13:30:00+00:00,363,2,RISK-OFF,BLOCK,106.0003,111.6288,94.7437,106.9998,105.2899,fast-fail,0.0079,0.622,0.126
AMZN,S1_BREAKDOWN,2022-08-22T13:30:00+00:00,490,3,RISK-OFF,BLOCK,133.267,135.6639,128.4702,136.196,134.257,fast-fail,0.0079,-0.791,-0.413
AMZN,S2_PULLBACK_SHORT,2022-08-26T13:30:00+00:00,498,3,RISK-OFF,BLOCK,132.176,135.6022,125.3837,136.196,130.597,fast-fail,0.0079,1.147,0.461
AMZN,S1_BREAKDOWN,2022-11-01T13:30:00+00:00,595,8,RISK-OFF,BLOCK,97.297,103.9425,84.0361,98.516,90.346,fast-fail,0.0198,7.084,1.046
AMZN,S3_BULL_TRAP,2022-11-16T17:30:00+00:00,612,2,CAUTIOUS,BLOCK,95.017,104.0132,83.2646,102.267,96.246,fast-fail,0.004,-1.337,-0.137
WMT,S1_BREAKDOWN,2022-02-11T17:30:00+00:00,228,2,RISK-OFF,BLOCK,44.7323,45.6194,44.0171,45.1423,44.6787,fast-fail,0.004,0.076,0.06
WMT,S2_PULLBACK_SHORT,2022-02-23T17:30:00+00:00,243,3,RISK-OFF,BLOCK,44.6523,45.6374,43.7622,45.1423,44.7257,fast-fail,0.0079,-0.212,-0.075
WMT,S1_BREAKDOWN,2022-04-29T13:30:00+00:00,339,8,RISK-OFF,BLOCK,51.1453,52.1733,49.0104,51.3257,50.9457,fast-fail,0.0198,0.33,0.194
WMT,S1_BREAKDOWN,2022-05-18T13:30:00+00:00,360,3,RISK-OFF,BLOCK,40.9323,42.6868,37.4225,43.5353,39.9223,fast-fail,0.0079,2.42,0.576
WMT,S1_BREAKDOWN,2022-05-20T13:30:00+00:00,363,2,RISK-OFF,BLOCK,39.3787,40.6473,36.8313,39.5157,40.3323,fast-fail,0.0079,-2.47,-0.752
WMT,S1_BREAKDOWN,2022-06-13T17:30:00+00:00,395,3,RISK-OFF,BLOCK,39.8453,40.4171,38.5518,39.9153,39.879,fast-fail,0.0079,-0.133,-0.059
WMT,S2_PULLBACK_SHORT,2022-06-17T13:30:00+00:00,401,2,RISK-OFF,CAUTION,39.5457,40.1673,38.2922,39.6787,40.1673,stop,0.0079,-1.62,-1.0
WMT,S3_BULL_TRAP,2022-11-04T13:30:00+00:00,595,2,RISK-OFF,CAUTION,46.3257,48.1066,42.7627,47.6857,47.1287,fast-fail,0.0079,-1.781,-0.451
WMT,S3_BULL_TRAP,2022-11-09T17:30:00+00:00,603,3,RISK-OFF,BLOCK,47.3157,48.2971,42.7828,47.8323,47.1153,fast-fail,0.0079,0.376,0.204
WMT,S1_BREAKDOWN,2022-12-15T13:30:00+00:00,650,2,RISK-OFF,BLOCK,48.112,48.5777,47.1106,48.3657,48.199,fast-fail,0.0079,-0.229,-0.187
WMT,S2_PULLBACK_SHORT,2022-12-16T17:30:00+00:00,653,2,RISK-OFF,BLOCK,47.6887,48.4923,45.6825,47.8453,47.549,fast-fail,0.004,0.249,0.174
WMT,S1_BREAKDOWN,2022-12-28T17:30:00+00:00,667,2,RISK-OFF,BLOCK,47.5457,47.6664,45.854,47.1387,47.5557,fast-fail,0.004,-0.065,-0.083
