t,o,h,l,c,v
2026-06-12T11:30:00-04:00,150.0,168.75,150.0,164.968994140625,178536268.0
2026-06-12T12:30:00-04:00,164.9600067138672,176.52000427246094,163.07000732421875,172.27999877929688,100786333.0
2026-06-12T13:30:00-04:00,172.28500366210938,174.0,165.0500030517578,169.1999969482422,55528000.0
2026-06-12T14:30:00-04:00,169.2949981689453,170.94000244140625,161.30999755859375,161.44000244140625,54590377.0
2026-06-12T15:30:00-04:00,161.4600067138672,162.77000427246094,157.44000244140625,161.27000427246094,44594464.0
2026-06-15T09:30:00-04:00,171.80999755859375,175.89999389648438,168.36000061035156,170.85000610351562,82695563.0
2026-06-15T10:30:00-04:00,170.8800048828125,174.0800018310547,169.1999969482422,173.6616973876953,22170446.0
2026-06-15T11:30:00-04:00,173.64999389648438,178.9499969482422,173.27000427246094,178.8800048828125,28214762.0
2026-06-15T12:30:00-04:00,178.8354949951172,184.44000244140625,177.0,183.3350067138672,28921729.0
2026-06-15T13:30:00-04:00,183.32000732421875,188.8000030517578,182.30999755859375,186.10330200195312,29196256.0
2026-06-15T14:30:00-04:00,186.13499450683594,187.8699951171875,181.5399932861328,183.39999389648438,22308041.0
2026-06-15T15:30:00-04:00,183.43499755859375,192.9499969482422,182.3000030517578,192.43499755859375,23906632.0
2026-06-16T09:30:00-04:00,200.42030334472656,225.63999938964844,200.0,209.58999633789062,139682465.0
2026-06-16T10:30:00-04:00,209.55999755859375,213.1199951171875,204.10000610351562,211.1199951171875,42836123.0
2026-06-16T11:30:00-04:00,211.15499877929688,217.3800048828125,207.30099487304688,216.55929565429688,29754568.0
2026-06-16T12:30:00-04:00,216.5596923828125,218.2100067138672,212.7899932861328,214.66000366210938,22650185.0
2026-06-16T13:30:00-04:00,214.52000427246094,214.8300018310547,210.6300048828125,212.9149932861328,16254612.0
2026-06-16T14:30:00-04:00,212.8699951171875,212.93499755859375,200.7100067138672,204.0500030517578,27250813.0
2026-06-16T15:30:00-04:00,204.05999755859375,204.5800018310547,195.1300048828125,202.0,27943734.0
2026-06-17T09:30:00-04:00,209.8249969482422,213.79989624023438,192.5,196.82009887695312,75725629.0
2026-06-17T10:30:00-04:00,196.70370483398438,197.89999389648438,187.00999450683594,190.42999267578125,35986182.0
2026-06-17T11:30:00-04:00,190.41000366210938,197.75,190.33999633789062,196.6999969482422,22202810.0
2026-06-17T12:30:00-04:00,196.65499877929688,198.99000549316406,193.101806640625,198.41000366210938,14688759.0
2026-06-17T13:30:00-04:00,198.47000122070312,199.6999969482422,193.7899932861328,196.94000244140625,14815515.0
2026-06-17T14:30:00-04:00,196.94000244140625,200.0800018310547,195.5,195.50999450683594,13321579.0
2026-06-17T15:30:00-04:00,195.5,196.3000030517578,190.0,192.1999969482422,15957545.0
2026-06-18T09:30:00-04:00,188.40499877929688,188.40499877929688,176.60000610351562,180.0850067138672,63933918.0
2026-06-18T10:30:00-04:00,180.16000366210938,181.09500122070312,176.61000061035156,176.64999389648438,21115082.0
2026-06-18T11:30:00-04:00,176.64999389648438,177.85000610351562,172.27000427246094,173.10000610351562,30875585.0
2026-06-18T12:30:00-04:00,173.13999938964844,179.3000030517578,172.11000061035156,178.44590759277344,21816451.0
2026-06-18T13:30:00-04:00,178.47999572753906,180.83999633789062,177.1999969482422,180.03500366210938,20375696.0
2026-06-18T14:30:00-04:00,180.05999755859375,182.5,178.36000061035156,182.35000610351562,14110984.0
2026-06-18T15:30:00-04:00,182.35000610351562,190.0,181.92999267578125,184.97000122070312,30402629.0
2026-06-22T09:30:00-04:00,176.04200744628906,176.6479949951172,166.27999877929688,166.72500610351562,45879193.0
2026-06-22T10:30:00-04:00,166.72830200195312,169.5128936767578,165.1199951171875,169.13999938964844,22842331.0
2026-06-22T11:30:00-04:00,169.13999938964844,169.49000549316406,165.0,165.00999450683594,13585107.0
2026-06-22T12:30:00-04:00,165.0050048828125,166.4499053955078,165.0,165.0688018798828,10477735.0
2026-06-22T13:30:00-04:00,165.06100463867188,166.6999969482422,165.0,165.6699981689453,9767756.0
2026-06-22T14:30:00-04:00,165.6750030517578,165.8000030517578,158.0500030517578,158.75999450683594,27336072.0
2026-06-22T15:30:00-04:00,158.76010131835938,159.22000122070312,154.0,154.58999633789062,27766578.0
2026-06-23T09:30:00-04:00,150.46499633789062,158.8699951171875,147.11000061035156,155.80499267578125,67933186.0
2026-06-23T10:30:00-04:00,155.8778076171875,159.86000061035156,155.63009643554688,158.35000610351562,19344725.0
2026-06-23T11:30:00-04:00,158.33999633789062,164.13999938964844,156.8000946044922,163.60989379882812,21229568.0
2026-06-23T12:30:00-04:00,163.61000061035156,165.5,161.50999450683594,163.81500244140625,13674204.0
2026-06-23T13:30:00-04:00,163.81500244140625,163.85000610351562,159.42520141601562,160.32009887695312,9938212.0
2026-06-23T14:30:00-04:00,160.3000030517578,160.74000549316406,157.3000030517578,159.0850067138672,9657446.0
2026-06-23T15:30:00-04:00,159.10000610351562,160.05999755859375,156.02499389648438,156.05999755859375,8261451.0
2026-06-24T09:30:00-04:00,154.19540405273438,158.47000122070312,150.72000122070312,158.25,24730289.0
2026-06-24T10:30:00-04:00,158.1999969482422,159.57000732421875,156.13999938964844,158.15879821777344,9450639.0
2026-06-24T11:30:00-04:00,158.16000366210938,159.85989379882812,157.14999389648438,158.74119567871094,6968378.0
2026-06-24T12:30:00-04:00,158.83999633789062,158.83999633789062,155.00999450683594,155.3300018310547,7441129.0
2026-06-24T13:30:00-04:00,155.2899932861328,157.4398956298828,154.22999572753906,157.2100067138672,6299834.0
2026-06-24T14:30:00-04:00,157.25,158.5,155.13999938964844,156.69000244140625,8146815.0
2026-06-24T15:30:00-04:00,156.69000244140625,157.58999633789062,154.0,154.4199981689453,6689940.0
2026-06-25T09:30:00-04:00,157.72300720214844,160.64999389648438,150.05999755859375,152.13999938964844,22718540.0
2026-06-25T10:30:00-04:00,152.2321014404297,154.27999877929688,151.11000061035156,152.5800018310547,6707097.0
2026-06-25T11:30:00-04:00,152.6999969482422,153.02999877929688,150.86000061035156,151.0800018310547,5807111.0
2026-06-25T12:30:00-04:00,151.0675048828125,152.5500030517578,150.27499389648438,151.39999389648438,5835729.0
2026-06-25T13:30:00-04:00,151.4199981689453,153.48989868164062,150.69000244140625,153.35989379882812,4568654.0
2026-06-25T14:30:00-04:00,153.33999633789062,153.52999877929688,152.22999572753906,152.46499633789062,4850587.0
2026-06-25T15:30:00-04:00,152.4499969482422,153.35069274902344,151.5,153.00999450683594,6359932.0
2026-06-26T09:30:00-04:00,150.6199951171875,153.64999389648438,148.50999450683594,152.52999877929688,19335047.0
2026-06-26T10:30:00-04:00,152.5,156.47000122070312,151.19009399414062,156.40499877929688,8745025.0
2026-06-26T11:30:00-04:00,156.35000610351562,157.5,155.00999450683594,157.4199981689453,7777347.0
2026-06-26T12:30:00-04:00,157.4499969482422,158.39999389648438,155.6999969482422,156.16000366210938,6779283.0
2026-06-26T13:30:00-04:00,156.14999389648438,156.60000610351562,152.25999450683594,152.77000427246094,7355213.0
2026-06-26T14:30:00-04:00,152.77000427246094,153.10000610351562,150.3800048828125,151.6999969482422,9639947.0
2026-06-26T15:30:00-04:00,151.71499633789062,155.77000427246094,151.25,152.6699981689453,11251356.0
2026-06-29T09:30:00-04:00,158.5,159.8800048828125,151.735595703125,153.82000732421875,21589580.0
2026-06-29T10:30:00-04:00,153.83090209960938,157.0,153.1999969482422,156.7899932861328,7764288.0
2026-06-29T11:30:00-04:00,156.8000030517578,158.02999877929688,155.7301025390625,156.60499572753906,5929822.0
2026-06-29T12:30:00-04:00,156.63999938964844,160.38999938964844,156.0500030517578,158.89999389648438,8460113.0
2026-06-29T13:30:00-04:00,158.89999389648438,161.1999969482422,158.48500061035156,160.02000427246094,7470285.0
2026-06-29T14:30:00-04:00,159.9949951171875,165.4499969482422,159.9550018310547,164.1699981689453,10907800.0
2026-06-29T15:30:00-04:00,164.19500732421875,166.1699981689453,163.58999633789062,164.0,8399399.0
2026-06-30T09:30:00-04:00,163.14100646972656,166.92999267578125,161.63999938964844,166.625,18862638.0
2026-06-30T10:30:00-04:00,166.6300048828125,172.39999389648438,165.25,171.25999450683594,15097142.0
2026-06-30T11:30:00-04:00,171.22999572753906,171.6199951171875,169.17999267578125,170.04010009765625,9308596.0
2026-06-30T12:30:00-04:00,170.07000732421875,171.5093994140625,168.16000366210938,169.92999267578125,8087995.0
2026-06-30T13:30:00-04:00,169.9250030517578,171.22970581054688,168.77999877929688,169.0,8560834.0
2026-06-30T14:30:00-04:00,168.9967041015625,171.69000244140625,168.8699951171875,171.23500061035156,7344376.0
2026-06-30T15:30:00-04:00,171.25,171.73989868164062,170.00999450683594,170.71949768066406,6362684.0
2026-07-01T09:30:00-04:00,171.56500244140625,171.74000549316406,160.74000549316406,162.0399932861328,27646972.0
2026-07-01T10:30:00-04:00,162.0500030517578,162.14999389648438,158.5,160.99989318847656,14837544.0
2026-07-01T11:30:00-04:00,161.0,161.02999877929688,157.75,159.80999755859375,12826815.0
2026-07-01T12:30:00-04:00,159.76499938964844,162.6999969482422,159.36000061035156,162.19200134277344,10314857.0
2026-07-01T13:30:00-04:00,162.19000244140625,163.44000244140625,157.4199981689453,158.78990173339844,10654560.0
2026-07-01T14:30:00-04:00,158.74000549316406,159.00999450683594,156.41000366210938,158.23500061035156,11612790.0
2026-07-01T15:30:00-04:00,158.22000122070312,158.8800048828125,156.16000366210938,157.72999572753906,8664148.0
2026-07-02T09:30:00-04:00,159.72500610351562,161.1300048828125,156.82000732421875,158.69850158691406,13328188.0
2026-07-02T10:30:00-04:00,158.7050018310547,159.89999389648438,157.22000122070312,158.0500030517578,8149276.0
2026-07-02T11:30:00-04:00,158.10000610351562,159.3300018310547,156.3699951171875,156.5,5476449.0
2026-07-02T12:30:00-04:00,156.52999877929688,158.10000610351562,155.8800048828125,156.77499389648438,6192210.0
2026-07-02T13:30:00-04:00,156.77000427246094,159.38999938964844,155.91000366210938,158.88999938964844,6458913.0
2026-07-02T14:30:00-04:00,158.89999389648438,160.00999450683594,158.14999389648438,159.72000122070312,6044770.0
2026-07-02T15:30:00-04:00,159.6999969482422,162.16000366210938,159.6999969482422,161.86000061035156,7551512.0
2026-07-06T09:30:00-04:00,165.9499969482422,167.89500427246094,162.5,162.94000244140625,17925230.0
2026-07-06T10:30:00-04:00,162.92999267578125,163.57000732421875,159.38009643554688,160.10000610351562,9864608.0
2026-07-06T11:30:00-04:00,160.08180236816406,162.0,159.96499633789062,161.71499633789062,5553390.0
2026-07-06T12:30:00-04:00,161.72000122070312,162.60000610351562,160.39999389648438,160.50990295410156,5778240.0
2026-07-06T13:30:00-04:00,160.49000549316406,160.56500244140625,155.1699981689453,156.51499938964844,12899019.0
2026-07-06T14:30:00-04:00,156.39999389648438,157.08999633789062,155.52000427246094,155.75,7957342.0
2026-07-06T15:30:00-04:00,155.75999450683594,160.89999389648438,155.0399932861328,160.75,19280418.0
2026-07-07T09:30:00-04:00,158.9199981689453,159.29989624023438,150.5500030517578,151.90499877929688,26689241.0
2026-07-07T10:30:00-04:00,151.88999938964844,152.27000427246094,150.1199951171875,151.57530212402344,10188067.0
2026-07-07T11:30:00-04:00,151.60000610351562,152.99989318847656,150.360107421875,152.58999633789062,7768489.0
2026-07-07T12:30:00-04:00,152.55999755859375,153.0800018310547,151.3249969482422,151.9949951171875,5065478.0
2026-07-07T13:30:00-04:00,152.02999877929688,152.52999877929688,151.60000610351562,152.11000061035156,3472394.0
2026-07-07T14:30:00-04:00,152.1199951171875,152.17999267578125,150.07000732421875,150.4199981689453,8443777.0
2026-07-07T15:30:00-04:00,150.4199981689453,150.80999755859375,148.86000061035156,149.57000732421875,10931984.0
2026-07-08T09:30:00-04:00,152.5500030517578,152.92990112304688,148.54100036621094,151.0500030517578,16682559.0
2026-07-08T10:30:00-04:00,151.0,151.16990661621094,149.3000030517578,149.5,5088073.0
2026-07-08T11:30:00-04:00,149.50999450683594,150.5500030517578,147.14999389648438,149.4499969482422,7560537.0
2026-07-08T12:30:00-04:00,149.39999389648438,150.0399932861328,148.35000610351562,148.8800048828125,4967985.0
2026-07-08T13:30:00-04:00,148.8300018310547,148.84910583496094,145.51229858398438,145.80999755859375,7826164.0
2026-07-08T14:30:00-04:00,145.8199005126953,146.19000244140625,145.1999969482422,145.9398956298828,6726974.0
2026-07-08T15:30:00-04:00,145.94000244140625,148.44000244140625,145.25999450683594,148.36000061035156,7118980.0
2026-07-09T09:30:00-04:00,150.5,151.58999633789062,147.58999633789062,149.05999755859375,14689881.0
2026-07-09T10:30:00-04:00,149.0800018310547,151.02000427246094,148.05999755859375,150.52999877929688,5070266.0
2026-07-09T11:30:00-04:00,150.55999755859375,151.50999450683594,149.2100067138672,149.88999938964844,5266511.0
2026-07-09T12:30:00-04:00,149.92999267578125,152.52000427246094,149.80999755859375,152.47000122070312,4404371.0
2026-07-09T13:30:00-04:00,152.47999572753906,153.49000549316406,151.99000549316406,152.63499450683594,3907289.0
2026-07-09T14:30:00-04:00,152.63499450683594,153.5,152.32000732421875,152.7899932861328,3662094.0
2026-07-09T15:30:00-04:00,152.7899932861328,152.8300018310547,149.92999267578125,152.1199951171875,5159058.0
2026-07-10T09:30:00-04:00,150.125,150.57000732421875,147.0500030517578,147.835205078125,12604091.0
2026-07-10T10:30:00-04:00,147.84500122070312,149.74989318847656,146.74000549316406,149.49000549316406,5894135.0
2026-07-10T11:30:00-04:00,149.52999877929688,149.58999633789062,147.52000427246094,148.42999267578125,5032276.0
2026-07-10T12:30:00-04:00,148.44000244140625,148.94000244140625,148.3300018310547,148.57000732421875,2412646.0
2026-07-10T13:30:00-04:00,148.56500244140625,149.22000122070312,148.25,148.66000366210938,2126421.0
2026-07-10T14:30:00-04:00,148.66000366210938,148.97999572753906,148.00999450683594,148.1199951171875,2301893.0
2026-07-10T15:30:00-04:00,148.1199951171875,148.19000244140625,145.07000732421875,145.4199981689453,10396034.0
2026-07-13T09:30:00-04:00,144.59030151367188,144.8800048828125,137.67999267578125,139.9949951171875,24863914.0
2026-07-13T10:30:00-04:00,139.99000549316406,140.30999755859375,138.32249450683594,138.67999267578125,6394531.0
2026-07-13T11:30:00-04:00,138.67999267578125,140.37989807128906,138.42999267578125,138.5399932861328,9906476.0
2026-07-13T12:30:00-04:00,138.5399932861328,139.60000610351562,138.14999389648438,138.58999633789062,4658143.0
2026-07-13T13:30:00-04:00,138.61000061035156,138.8699951171875,136.77999877929688,137.44000244140625,8033170.0
2026-07-13T14:30:00-04:00,137.41000366210938,138.10000610351562,137.02999877929688,137.6300048828125,6673415.0
2026-07-13T15:30:00-04:00,137.60000610351562,139.63999938964844,137.60000610351562,139.22000122070312,7240434.0
2026-07-14T09:30:00-04:00,140.9499969482422,143.1999969482422,140.39999389648438,141.0,13280732.0
2026-07-14T10:30:00-04:00,140.99000549316406,143.30999755859375,140.2899932861328,143.05999755859375,5149437.0
2026-07-14T11:30:00-04:00,143.07000732421875,143.3300018310547,140.64999389648438,140.77000427246094,4031672.0
2026-07-14T12:30:00-04:00,140.79989624023438,141.05250549316406,138.1999969482422,138.81500244140625,5915410.0
2026-07-14T13:30:00-04:00,138.82000732421875,138.97000122070312,137.8800048828125,138.3300018310547,3859777.0
2026-07-14T14:30:00-04:00,138.35879516601562,139.02999877929688,138.07000732421875,138.1300048828125,3547893.0
2026-07-14T15:30:00-04:00,138.1300048828125,138.14999389648438,135.92999267578125,136.1199951171875,7710033.0
2026-07-15T09:30:00-04:00,137.30499267578125,139.33999633789062,136.44000244140625,137.1999053955078,10886992.0
2026-07-15T10:30:00-04:00,137.1300048828125,137.25999450683594,135.3300018310547,135.90499877929688,6186934.0
2026-07-15T11:30:00-04:00,135.89010620117188,136.5500030517578,132.1501007080078,133.6999969482422,14091446.0
2026-07-15T12:30:00-04:00,133.72999572753906,135.27999877929688,132.44000244140625,134.8800048828125,9301591.0
2026-07-15T13:30:00-04:00,134.8800048828125,136.47000122070312,134.5800018310547,135.74000549316406,5303534.0
2026-07-15T14:30:00-04:00,135.74000549316406,135.9499969482422,134.0800018310547,134.9600067138672,5059083.0
2026-07-15T15:30:00-04:00,134.97000122070312,136.19000244140625,134.7550048828125,135.3000030517578,5167174.0
2026-07-16T09:30:00-04:00,134.94500732421875,137.75999450683594,134.36520385742188,136.69320678710938,15776364.0
2026-07-16T10:30:00-04:00,136.71499633789062,136.75,133.6999969482422,135.27499389648438,6942429.0
2026-07-16T11:30:00-04:00,135.27499389648438,135.7899932861328,132.60000610351562,133.1999969482422,6728805.0
2026-07-16T12:30:00-04:00,133.22999572753906,133.5,131.73019409179688,132.44000244140625,5819939.0
2026-07-16T13:30:00-04:00,132.4250030517578,132.52999877929688,130.74000549316406,131.66000366210938,6185974.0
2026-07-16T14:30:00-04:00,131.66000366210938,131.66000366210938,131.0615997314453,131.46499633789062,4536583.0
2026-07-16T15:30:00-04:00,131.4600067138672,132.88499450683594,131.02000427246094,131.02999877929688,5786087.0
2026-07-17T09:30:00-04:00,126.75,127.06770324707031,122.12000274658203,126.0,26103248.0
2026-07-17T10:30:00-04:00,126.0199966430664,126.47989654541016,123.22000122070312,124.51000213623047,9487313.0
2026-07-17T11:30:00-04:00,124.54989624023438,125.34989929199219,122.8499984741211,124.45500183105469,9951806.0
2026-07-17T12:30:00-04:00,124.45500183105469,126.4999008178711,124.19000244140625,126.32499694824219,6359120.0
2026-07-17T13:30:00-04:00,126.27999877929688,126.39959716796875,124.9000015258789,125.24089813232422,4807831.0
2026-07-17T14:30:00-04:00,125.20999908447266,130.32989501953125,123.05000305175781,123.80000305175781,15205291.0
2026-07-17T15:30:00-04:00,123.84500122070312,124.88999938964844,123.51000213623047,123.95999908447266,7256215.0
2026-07-20T09:30:00-04:00,124.66999816894531,124.97000122070312,120.0999984741211,121.8499984741211,18329964.0
2026-07-20T10:30:00-04:00,121.8550033569336,122.91999816894531,120.79000091552734,122.90959930419922,6688182.0
2026-07-20T11:30:00-04:00,122.87999725341797,124.87000274658203,122.45999908447266,124.76000213623047,6076742.0
2026-07-20T12:30:00-04:00,124.78500366210938,124.90979766845703,122.12000274658203,122.56999969482422,4583426.0
2026-07-20T13:30:00-04:00,122.58999633789062,123.41000366210938,121.7699966430664,122.6500015258789,4179824.0
2026-07-20T14:30:00-04:00,122.58999633789062,122.63909912109375,120.68000030517578,120.9000015258789,4520581.0
2026-07-20T15:30:00-04:00,120.91000366210938,121.04989624023438,119.69000244140625,119.86000061035156,7738141.0
2026-07-21T09:30:00-04:00,122.16999816894531,128.3699951171875,120.36499786376953,128.15060424804688,26574823.0
2026-07-21T10:30:00-04:00,128.13999938964844,129.8800048828125,126.79000091552734,128.65499877929688,10753022.0
2026-07-21T11:30:00-04:00,128.65499877929688,128.72000122070312,127.05000305175781,127.5199966430664,5954016.0
2026-07-21T12:30:00-04:00,127.54000091552734,129.10000610351562,127.33280181884766,128.23500061035156,4781287.0
2026-07-21T13:30:00-04:00,128.22000122070312,128.48939514160156,126.5999984741211,127.11499786376953,3797484.0
2026-07-21T14:30:00-04:00,127.1050033569336,127.13990020751953,122.1500015258789,122.6449966430664,13342239.0
2026-07-21T15:30:00-04:00,122.6500015258789,123.91500091552734,122.58999633789062,123.47000122070312,10147791.0
2026-07-22T09:30:00-04:00,122.375,123.88999938964844,121.62000274658203,123.13999938964844,14237233.0
2026-07-22T10:30:00-04:00,123.16999816894531,124.5999984741211,122.4000015258789,124.33999633789062,5280551.0
2026-07-22T11:30:00-04:00,124.30999755859375,124.7699966430664,121.68000030517578,121.7699966430664,6964318.0
2026-07-22T12:30:00-04:00,121.7699966430664,121.98999786376953,120.25,120.33999633789062,9106785.0
2026-07-22T13:30:00-04:00,120.33000183105469,120.57759857177734,117.38999938964844,117.3949966430664,18905821.0
2026-07-22T14:30:00-04:00,117.38999938964844,118.05999755859375,116.03009796142578,116.61000061035156,15898079.0
2026-07-22T15:30:00-04:00,116.6084976196289,116.75,115.19000244140625,115.2699966430664,13093124.0
2026-07-23T09:30:00-04:00,115.0999984741211,116.41000366210938,112.02010345458984,112.4000015258789,24380083.0
2026-07-23T10:30:00-04:00,112.36000061035156,113.12999725341797,110.8499984741211,112.53900146484375,12425260.0
2026-07-23T11:30:00-04:00,112.54000091552734,116.72979736328125,112.30000305175781,115.92500305175781,10319476.0
2026-07-23T12:30:00-04:00,115.94490051269531,116.29989624023438,115.01000213623047,115.73040008544922,5326625.0
2026-07-23T13:30:00-04:00,115.73999786376953,117.05999755859375,115.0199966430664,116.67500305175781,5714514.0
2026-07-23T14:30:00-04:00,116.70999908447266,117.54000091552734,115.69999694824219,116.62000274658203,6240554.0
2026-07-23T15:30:00-04:00,116.61499786376953,118.55000305175781,116.01000213623047,118.27999877929688,5865478.0
2026-07-24T09:30:00-04:00,115.93199920654297,116.74400329589844,112.61250305175781,113.4490966796875,14196143.0
2026-07-24T10:30:00-04:00,113.44999694824219,113.5,111.4000015258789,112.87999725341797,9179779.0
2026-07-24T11:30:00-04:00,112.86000061035156,113.5999984741211,112.26000213623047,112.52999877929688,5293418.0
2026-07-24T12:30:00-04:00,112.5250015258789,113.09989929199219,111.80000305175781,112.8499984741211,4319227.0
2026-07-24T13:30:00-04:00,112.8550033569336,113.51000213623047,112.61009979248047,113.08000183105469,4945096.0
2026-07-24T14:30:00-04:00,113.08000183105469,114.77999877929688,112.63999938964844,114.30999755859375,6375404.0
2026-07-24T15:30:00-04:00,114.33000183105469,115.13999938964844,113.83000183105469,115.06999969482422,6624341.0
2026-07-27T09:30:00-04:00,113.32499694824219,114.30000305175781,109.52999877929688,109.71640014648438,22737299.0
2026-07-27T10:30:00-04:00,109.73999786376953,111.94999694824219,108.66000366210938,111.69499969482422,11105387.0
2026-07-27T11:30:00-04:00,111.69000244140625,112.62989807128906,110.75,111.88999938964844,5682560.0
2026-07-27T12:30:00-04:00,111.8949966430664,112.30000305175781,109.76000213623047,109.95999908447266,6450139.0
2026-07-27T13:30:00-04:00,109.95999908447266,111.33999633789062,109.72000122070312,111.14839935302734,4042154.0
2026-07-27T14:30:00-04:00,111.13999938964844,111.8499984741211,110.76000213623047,111.83000183105469,3926175.0
2026-07-27T15:30:00-04:00,111.81009674072266,113.83000183105469,111.81009674072266,113.6500015258789,6454271.0
2026-07-28T09:30:00-04:00,109.31999969482422,110.69999694824219,107.01000213623047,110.4749984741211,23151288.0
2026-07-28T10:30:00-04:00,110.4749984741211,117.48999786376953,110.27999877929688,117.34500122070312,18223430.0
2026-07-28T11:30:00-04:00,117.33000183105469,117.62989807128906,114.5,115.50499725341797,10361830.0
2026-07-28T12:30:00-04:00,115.50499725341797,116.3499984741211,115.12159729003906,115.82499694824219,4815757.0
2026-07-28T13:30:00-04:00,115.79000091552734,116.79000091552734,114.94999694824219,116.30000305175781,5417728.0
2026-07-28T14:30:00-04:00,116.31500244140625,118.12999725341797,115.91999816894531,117.25499725341797,7091048.0
2026-07-28T15:30:00-04:00,117.25499725341797,117.83000183105469,115.80999755859375,116.48999786376953,7421108.0
2026-07-29T09:30:00-04:00,114.3949966430664,115.70999908447266,112.11009979248047,113.3499984741211,10512821.0
2026-07-29T10:30:00-04:00,113.41000366210938,113.8499984741211,111.66000366210938,112.1698989868164,5497392.0
2026-07-29T11:30:00-04:00,112.11000061035156,112.77999877929688,111.04000091552734,112.69969940185547,5036091.0
2026-07-29T12:30:00-04:00,112.69999694824219,117.12999725341797,112.67500305175781,115.44190216064453,8391895.0
2026-07-29T13:30:00-04:00,115.44000244140625,117.58999633789062,114.19999694824219,114.65499877929688,6110372.0
2026-07-29T14:30:00-04:00,114.65499877929688,116.13999938964844,112.16010284423828,112.76000213623047,6224124.0
2026-07-29T15:30:00-04:00,112.75,112.91999816894531,110.3499984741211,112.58999633789062,7710468.0
2026-07-30T09:30:00-04:00,115.08999633789062,118.93000030517578,114.0199966430664,117.93000030517578,17361508.0
2026-07-30T10:30:00-04:00,117.91999816894531,118.13999938964844,114.26000213623047,114.30000305175781,7883893.0
2026-07-30T11:30:00-04:00,114.27010345458984,115.19999694824219,113.43009948730469,113.5999984741211,4699187.0
2026-07-30T12:30:00-04:00,113.57859802246094,113.57859802246094,111.5999984741211,112.7499008178711,6646627.0
2026-07-30T13:30:00-04:00,112.7699966430664,113.27999877929688,111.98999786376953,112.2300033569336,4407686.0
2026-07-30T14:30:00-04:00,112.20999908447266,112.31999969482422,111.35009765625,111.93000030517578,5187443.0
2026-07-30T15:30:00-04:00,111.94920349121094,112.55000305175781,111.47000122070312,112.2699966430664,5462492.0
2026-07-31T09:30:00-04:00,113.09600067138672,113.63500213623047,107.83000183105469,109.65499877929688,17734519.0
2026-07-31T10:30:00-04:00,109.64009857177734,110.27999877929688,108.5199966430664,108.7300033569336,6530431.0
2026-07-31T11:30:00-04:00,108.69999694824219,109.37999725341797,108.18000030517578,108.80000305175781,4820417.0
2026-07-31T12:30:00-04:00,108.77999877929688,109.23999786376953,108.29010009765625,108.94499969482422,4081917.0
2026-07-31T13:30:00-04:00,108.94499969482422,109.31999969482422,108.01000213623047,108.06999969482422,4134333.0
2026-07-31T14:30:00-04:00,108.08000183105469,108.56999969482422,107.57009887695312,108.11000061035156,6062002.0
2026-07-31T15:30:00-04:00,108.11499786376953,109.03500366210938,107.7300033569336,108.43000030517578,6555085.0
2026-08-03T09:30:00-04:00,105.90450286865234,111.38999938964844,105.6500015258789,110.7699966430664,19944957.0
2026-08-03T10:30:00-04:00,110.76499938964844,112.69999694824219,110.55139923095703,110.56999969482422,9865786.0
2026-08-03T11:30:00-04:00,110.5999984741211,112.0999984741211,110.33000183105469,111.19999694824219,5190181.0
2026-08-03T12:30:00-04:00,111.16999816894531,111.20999908447266,108.9000015258789,110.45999908447266,7801589.0
2026-08-03T13:30:00-04:00,110.43499755859375,111.0,109.6050033569336,109.93000030517578,5565361.0
2026-08-03T14:30:00-04:00,109.90499877929688,110.63999938964844,109.55999755859375,110.13999938964844,5463565.0
2026-08-03T15:30:00-04:00,110.12000274658203,114.91000366210938,110.02999877929688,114.44000244140625,10683600.0
2026-08-04T09:30:00-04:00,118.33999633789062,121.8499984741211,115.72000122070312,118.44999694824219,29153858.0
2026-08-04T10:30:00-04:00,118.46109771728516,119.66000366210938,118.12000274658203,118.82460021972656,9109165.0
2026-08-04T11:30:00-04:00,118.80999755859375,122.25,118.62999725341797,120.93499755859375,10643178.0
2026-08-04T12:30:00-04:00,120.9000015258789,123.0999984741211,120.5999984741211,122.94999694824219,9312567.0
2026-08-04T13:30:00-04:00,122.9800033569336,125.3499984741211,122.44999694824219,123.6500015258789,15977537.0
2026-08-04T14:30:00-04:00,123.6500015258789,126.70999908447266,123.52999877929688,124.25,15674742.0
2026-08-04T15:30:00-04:00,124.25,126.16999816894531,121.18000030517578,125.98500061035156,17481169.0
2026-08-05T09:30:00-04:00,112.37000274658203,116.62999725341797,109.20999908447266,116.41010284423828,64376138.0
2026-08-05T10:30:00-04:00,116.41000366210938,117.5,113.7300033569336,117.22000122070312,22581775.0
2026-08-05T11:30:00-04:00,117.22000122070312,117.4000015258789,114.0999984741211,115.80999755859375,14749309.0
2026-08-05T12:30:00-04:00,115.83799743652344,116.5999984741211,111.69999694824219,111.82499694824219,15094534.0
2026-08-05T13:30:00-04:00,111.82009887695312,112.45999908447266,109.33999633789062,109.79000091552734,22195463.0
2026-08-05T14:30:00-04:00,109.76499938964844,110.2699966430664,108.11000061035156,109.21499633789062,26522725.0
2026-08-05T15:30:00-04:00,109.22000122070312,110.27999877929688,107.80999755859375,108.28500366210938,27558629.0
2026-08-06T09:30:00-04:00,107.08499908447266,115.75,105.11000061035156,113.48210144042969,120591138.0
2026-08-06T10:30:00-04:00,113.4999008178711,115.05999755859375,110.16000366210938,111.78269958496094,29880833.0
2026-08-06T11:30:00-04:00,111.80000305175781,112.5,108.40249633789062,109.3197021484375,25420813.0
2026-08-06T12:30:00-04:00,109.31990051269531,111.93000030517578,108.79000091552734,110.6050033569336,18652035.0
2026-08-06T13:30:00-04:00,110.61900329589844,111.27999877929688,109.3499984741211,110.1050033569336,12391928.0
2026-08-06T14:30:00-04:00,110.1050033569336,111.9800033569336,109.80999755859375,110.93000030517578,14247200.0
2026-08-06T15:30:00-04:00,110.88999938964844,114.91999816894531,110.87999725341797,114.9104995727539,23801336.0
2026-08-07T09:30:00-04:00,115.0,128.16000366210938,115.0,127.91500091552734,78130915.0
2026-08-07T10:30:00-04:00,127.91500091552734,128.6199951171875,124.55000305175781,127.0801010131836,44819190.0
2026-08-07T11:30:00-04:00,127.08999633789062,130.9600067138672,126.61000061035156,128.85000610351562,34379380.0
2026-08-07T12:30:00-04:00,128.88499450683594,130.16000366210938,128.35000610351562,128.35000610351562,15840845.0
2026-08-07T13:30:00-04:00,128.38499450683594,129.26629638671875,127.61100006103516,128.625,13276195.0
2026-08-07T14:30:00-04:00,128.58999633789062,131.64999389648438,128.5,131.22000122070312,18118580.0
2026-08-07T15:30:00-04:00,131.2259979248047,133.4499969482422,130.35000610351562,133.10130310058594,23681542.0
2026-08-10T09:30:00-04:00,134.96499633789062,135.5399932861328,131.11199951171875,134.67999267578125,55654304.0
2026-08-10T10:30:00-04:00,134.72000122070312,136.83999633789062,130.25,131.3699951171875,28162663.0
2026-08-10T11:30:00-04:00,131.3699951171875,133.32000732421875,130.1699981689453,131.5800018310547,15755615.0
2026-08-10T12:30:00-04:00,131.5749969482422,133.17999267578125,130.25,132.52999877929688,10917607.0
2026-08-10T13:30:00-04:00,132.5399932861328,133.22000122070312,131.57000732421875,132.21499633789062,11597231.0
2026-08-10T14:30:00-04:00,132.21499633789062,135.5,132.17999267578125,135.4600067138672,15324370.0
2026-08-10T15:30:00-04:00,135.5,139.24000549316406,135.25999450683594,138.67999267578125,23884964.0
2026-08-11T09:30:00-04:00,138.64500427246094,139.97999572753906,133.25999450683594,135.72500610351562,32912247.0
2026-08-11T10:30:00-04:00,135.72500610351562,135.8699951171875,133.5,134.75,13794507.0
2026-08-11T11:30:00-04:00,134.72000122070312,135.3699951171875,131.39999389648438,131.87049865722656,15045233.0
2026-08-11T12:30:00-04:00,131.88999938964844,132.74000549316406,131.3300018310547,132.14500427246094,9089816.0
2026-08-11T13:30:00-04:00,132.16000366210938,132.88499450683594,130.5,131.30499267578125,10849611.0
2026-08-11T14:30:00-04:00,131.29010009765625,133.14999389648438,130.83999633789062,132.15499877929688,10244506.0
2026-08-11T15:30:00-04:00,132.19000244140625,133.47999572753906,131.39999389648438,133.30499267578125,11073493.0
2026-08-12T09:30:00-04:00,135.0500030517578,139.8800048828125,134.00999450683594,138.97000122070312,34308140.0
2026-08-12T10:30:00-04:00,138.92999267578125,141.6699981689453,138.15379333496094,139.57000732421875,20869007.0
2026-08-12T11:30:00-04:00,139.57679748535156,143.3000030517578,138.9199981689453,142.55999755859375,23926994.0
2026-08-12T12:30:00-04:00,142.55999755859375,146.1300048828125,141.67999267578125,145.7100067138672,18627693.0
2026-08-12T13:30:00-04:00,145.69000244140625,148.78990173339844,144.42999267578125,148.42129516601562,21799215.0
2026-08-12T14:30:00-04:00,148.45799255371094,149.42999267578125,147.24000549316406,149.27499389648438,19713946.0
2026-08-12T15:30:00-04:00,149.2899932861328,149.60000610351562,144.59500122070312,146.17999267578125,21119900.0
2026-08-13T09:30:00-04:00,143.61680603027344,145.02000427246094,141.42999267578125,142.34860229492188,34463128.0
2026-08-13T10:30:00-04:00,142.33999633789062,142.91000366210938,139.8000030517578,140.94500732421875,21691162.0
2026-08-13T11:30:00-04:00,141.0,142.14999389648438,140.2899932861328,141.0500030517578,8961239.0
2026-08-13T12:30:00-04:00,141.06610107421875,142.16000366210938,139.83999633789062,142.11000061035156,10672571.0
2026-08-13T13:30:00-04:00,142.10000610351562,143.24000549316406,141.77000427246094,142.3000030517578,9509515.0
2026-08-13T14:30:00-04:00,142.32000732421875,144.36000061035156,141.4499969482422,144.32000732421875,12476718.0
2026-08-13T15:30:00-04:00,144.32000732421875,144.9499969482422,140.82000732421875,141.22000122070312,15085252.0
2026-08-14T09:30:00-04:00,142.91000366210938,144.02000427246094,135.83799743652344,136.86000061035156,33158170.0
2026-08-14T10:30:00-04:00,136.88999938964844,137.31820678710938,135.5,137.13499450683594,13069117.0
2026-08-14T11:30:00-04:00,137.13999938964844,138.11000061035156,136.4499969482422,137.6999969482422,10081925.0
2026-08-14T12:30:00-04:00,137.6999969482422,139.8699951171875,137.1199951171875,139.82000732421875,9758423.0
2026-08-14T13:30:00-04:00,139.8300018310547,140.25999450683594,138.91000366210938,139.61000061035156,8565494.0
2026-08-14T14:30:00-04:00,139.63499450683594,140.02999877929688,138.8000030517578,139.21499633789062,8227645.0
2026-08-14T15:30:00-04:00,139.1999969482422,140.00999450683594,139.0,139.77000427246094,8647850.0
2026-08-17T09:30:00-04:00,139.97500610351562,149.67999267578125,139.61000061035156,147.51499938964844,46368096.0
2026-08-17T10:30:00-04:00,147.51499938964844,149.16000366210938,147.02000427246094,148.6300048828125,16297097.0
2026-08-17T11:30:00-04:00,148.64999389648438,149.8000030517578,147.52000427246094,148.8800048828125,12711377.0
2026-08-17T12:30:00-04:00,148.87010192871094,149.1999969482422,147.39999389648438,147.52000427246094,8218737.0
2026-08-17T13:30:00-04:00,147.5399932861328,148.22000122070312,146.12130737304688,147.375,8453167.0
2026-08-17T14:30:00-04:00,147.36500549316406,147.85000610351562,145.01089477539062,145.27999877929688,11007221.0
2026-08-17T15:30:00-04:00,145.27999877929688,146.8300018310547,145.00999450683594,146.27999877929688,8957372.0
2026-08-18T09:30:00-04:00,140.72500610351562,142.92999267578125,139.41009521484375,142.52999877929688,24740820.0
2026-08-18T10:30:00-04:00,142.56500244140625,143.0800018310547,140.42999267578125,142.18499755859375,9739921.0
2026-08-18T11:30:00-04:00,142.1699981689453,145.22999572753906,141.72000122070312,144.4600067138672,11181753.0
2026-08-18T12:30:00-04:00,144.4600067138672,146.4600067138672,143.8000030517578,145.39500427246094,10608677.0
2026-08-18T13:30:00-04:00,145.39999389648438,145.5299072265625,143.33999633789062,143.52499389648438,7086124.0
2026-08-18T14:30:00-04:00,143.52999877929688,143.7899932861328,142.14999389648438,142.92999267578125,8302356.0
2026-08-18T15:30:00-04:00,142.94000244140625,143.72000122070312,141.9199981689453,143.33999633789062,7253785.0
2026-08-19T09:30:00-04:00,144.9600067138672,145.00999450683594,136.72000122070312,138.5850067138672,29003162.0
2026-08-19T10:30:00-04:00,138.5850067138672,140.39999389648438,138.05999755859375,140.02999877929688,11817501.0
2026-08-19T11:30:00-04:00,140.02999877929688,140.88999938964844,138.5,140.5,7265741.0
2026-08-19T12:30:00-04:00,140.50999450683594,140.779296875,138.88999938964844,139.52000427246094,5451077.0
2026-08-19T13:30:00-04:00,139.5399932861328,140.3699951171875,139.35000610351562,140.2550048828125,4608598.0
2026-08-19T14:30:00-04:00,140.27499389648438,140.55999755859375,138.57000732421875,138.6649932861328,5474933.0
2026-08-19T15:30:00-04:00,138.67999267578125,139.77999877929688,138.4199981689453,139.63999938964844,6547106.0
2026-08-20T09:30:00-04:00,137.28500366210938,137.8800048828125,132.3800048828125,132.9499969482422,37907263.0
2026-08-20T10:30:00-04:00,132.95199584960938,134.15499877929688,131.77000427246094,132.125,15915186.0
2026-08-20T11:30:00-04:00,132.125,132.2698974609375,130.5,130.8800048828125,15581567.0
2026-08-20T12:30:00-04:00,130.88540649414062,131.75,130.38999938964844,131.39500427246094,10010214.0
2026-08-20T13:30:00-04:00,131.39500427246094,132.66000366210938,131.0,132.5050048828125,11111789.0
2026-08-20T14:30:00-04:00,132.50999450683594,133.3000030517578,132.0,132.64999389648438,10556609.0
2026-08-20T15:30:00-04:00,132.6300048828125,134.72000122070312,132.0,134.0,12718265.0
2026-08-21T09:30:00-04:00,134.31500244140625,135.0,131.22000122070312,133.0500030517578,24394367.0
2026-08-21T10:30:00-04:00,133.07949829101562,136.55999755859375,132.5,136.19000244140625,14706339.0
2026-08-21T11:30:00-04:00,136.19000244140625,137.35000610351562,135.85000610351562,136.25,9670777.0
2026-08-21T12:30:00-04:00,136.24000549316406,136.60000610351562,135.67999267578125,136.10000610351562,6150990.0
2026-08-21T13:30:00-04:00,136.07000732421875,136.468994140625,135.0500030517578,135.75999450683594,6102023.0
2026-08-21T14:30:00-04:00,135.75,136.64999389648438,135.66000366210938,136.00880432128906,5262014.0
2026-08-21T15:30:00-04:00,136.00999450683594,137.2100067138672,135.0,136.94000244140625,8554100.0
2026-08-24T09:30:00-04:00,134.2949981689453,138.3300018310547,133.10000610351562,134.16000366210938,22914283.0
2026-08-24T10:30:00-04:00,134.13999938964844,137.75999450683594,134.0500030517578,137.6999969482422,10245522.0
2026-08-24T11:30:00-04:00,137.72999572753906,137.8636016845703,136.13999938964844,136.77000427246094,6220950.0
2026-08-24T12:30:00-04:00,136.74000549316406,136.8699951171875,135.3699951171875,135.9600067138672,4246960.0
2026-08-24T13:30:00-04:00,135.9600067138672,136.33999633789062,135.10009765625,136.1699981689453,4487221.0
2026-08-24T14:30:00-04:00,136.18150329589844,136.2613067626953,134.9199981689453,135.13499450683594,4035829.0
2026-08-24T15:30:00-04:00,135.1199951171875,135.22970581054688,134.5,135.0,4047450.0
2026-08-25T09:30:00-04:00,136.9499969482422,138.60000610351562,136.11000061035156,137.58999633789062,17133052.0
2026-08-25T10:30:00-04:00,137.57220458984375,138.82000732421875,136.83999633789062,138.72500610351562,7909773.0
2026-08-25T11:30:00-04:00,138.7010040283203,139.74000549316406,137.80999755859375,138.3249969482422,7784381.0
2026-08-25T12:30:00-04:00,138.33999633789062,138.85000610351562,137.97999572753906,138.5,3763549.0
2026-08-25T13:30:00-04:00,138.49000549316406,138.77000427246094,135.0,138.0800018310547,3621411.0
2026-08-25T14:30:00-04:00,138.10000610351562,138.64999389648438,138.0,138.47999572753906,3761591.0
2026-08-25T15:30:00-04:00,138.48500061035156,139.08999633789062,137.02999877929688,137.9600067138672,5177252.0
2026-08-26T09:30:00-04:00,136.93499755859375,139.52000427246094,135.10000610351562,136.22000122070312,18871398.0
2026-08-26T10:30:00-04:00,136.25,136.8498992919922,135.81019592285156,136.19500732421875,5538411.0
2026-08-26T11:30:00-04:00,136.22000122070312,137.1300048828125,135.91000366210938,136.64100646972656,4291979.0
2026-08-26T12:30:00-04:00,136.6103057861328,138.3000030517578,136.3699951171875,138.22000122070312,4740176.0
2026-08-26T13:30:00-04:00,138.22000122070312,138.3000030517578,137.55999755859375,137.89500427246094,5873909.0
2026-08-26T14:30:00-04:00,137.89500427246094,140.0,137.64999389648438,139.58999633789062,8773559.0
2026-08-26T15:30:00-04:00,139.57009887695312,139.74000549316406,137.2899932861328,139.57000732421875,8054865.0
2026-08-27T09:30:00-04:00,140.0399932861328,140.5449981689453,138.60000610351562,140.24850463867188,14716388.0
2026-08-27T10:30:00-04:00,140.27999877929688,141.25999450683594,139.5,139.82000732421875,9734010.0
2026-08-27T11:30:00-04:00,139.8300018310547,142.05999755859375,139.5948028564453,140.94000244140625,8687409.0
2026-08-27T12:30:00-04:00,140.94500732421875,141.0,140.13999938964844,140.3800048828125,4550775.0
2026-08-27T13:30:00-04:00,140.36000061035156,140.8800048828125,139.77000427246094,140.4550018310547,4556897.0
2026-08-27T14:30:00-04:00,140.42999267578125,140.51499938964844,139.1999969482422,139.4600067138672,4598557.0
2026-08-27T15:30:00-04:00,139.44000244140625,141.25,139.41000366210938,140.87379455566406,5620156.0
2026-08-28T09:30:00-04:00,139.80499267578125,143.2899932861328,139.00999450683594,141.60000610351562,17036720.0
2026-08-28T10:30:00-04:00,141.60000610351562,143.10000610351562,141.16000366210938,141.94200134277344,8091258.0
2026-08-28T11:30:00-04:00,141.94500732421875,142.34950256347656,137.89999389648438,138.4698944091797,9202864.0
2026-08-28T12:30:00-04:00,138.47500610351562,140.0399932861328,138.4604949951172,139.89999389648438,4348169.0
2026-08-28T13:30:00-04:00,139.86000061035156,140.8699951171875,139.86000061035156,140.08999633789062,4197267.0
2026-08-28T14:30:00-04:00,140.10499572753906,141.1199951171875,139.97999572753906,140.97000122070312,4104928.0
2026-08-28T15:30:00-04:00,140.99000549316406,141.77999877929688,140.54010009765625,141.4600067138672,5841970.0
2026-08-31T09:30:00-04:00,140.02999877929688,143.67999267578125,139.9250030517578,142.91070556640625,15934629.0
2026-08-31T10:30:00-04:00,142.85000610351562,143.8800048828125,142.64999389648438,142.83999633789062,8668004.0
2026-08-31T11:30:00-04:00,142.82000732421875,143.72000122070312,142.5,143.60000610351562,5493523.0
2026-08-31T12:30:00-04:00,143.5998992919922,144.13499450683594,141.8000030517578,142.39999389648438,7041290.0
2026-08-31T13:30:00-04:00,142.39999389648438,143.47999572753906,142.30999755859375,142.3350067138672,4177943.0
2026-08-31T14:30:00-04:00,142.32000732421875,142.60000610351562,141.9600067138672,142.47999572753906,4172155.0
2026-08-31T15:30:00-04:00,142.49000549316406,143.86000061035156,142.16000366210938,143.74000549316406,7474358.0
2026-09-01T09:30:00-04:00,141.85499572753906,144.77000427246094,141.16700744628906,143.8249969482422,18173443.0
2026-09-01T10:30:00-04:00,143.85000610351562,144.5,142.75,144.00999450683594,8232621.0
2026-09-01T11:30:00-04:00,144.0229034423828,145.22999572753906,142.75999450683594,143.09500122070312,7990662.0
2026-09-01T12:30:00-04:00,143.09500122070312,143.42999267578125,142.5500030517578,142.86000061035156,4129908.0
2026-09-01T13:30:00-04:00,142.8800048828125,143.55499267578125,142.64999389648438,143.30999755859375,3676612.0
2026-09-01T14:30:00-04:00,143.3300018310547,143.61000061035156,142.74000549316406,143.39999389648438,3791053.0
2026-09-01T15:30:00-04:00,143.39999389648438,143.49000549316406,142.10000610351562,142.25,4131617.0
2026-09-02T09:30:00-04:00,142.6649932861328,143.10000610351562,138.1699981689453,140.5850067138672,18044301.0
2026-09-02T10:30:00-04:00,140.58250427246094,140.63999938964844,139.7100067138672,140.4199981689453,5768807.0
2026-09-02T11:30:00-04:00,140.41000366210938,141.59500122070312,140.39979553222656,141.39999389648438,5031624.0
2026-09-02T12:30:00-04:00,141.38499450683594,141.4600067138672,140.3000030517578,140.57000732421875,3587541.0
2026-09-02T13:30:00-04:00,140.57000732421875,140.99000549316406,140.23129272460938,140.80999755859375,3682891.0
2026-09-02T14:30:00-04:00,140.8000030517578,140.9499969482422,139.60000610351562,140.32000732421875,4620202.0
2026-09-02T15:30:00-04:00,140.318603515625,140.85989379882812,139.75,140.72000122070312,5403755.0
2026-09-03T09:30:00-04:00,141.36099243164062,149.8000030517578,141.0500030517578,149.41000366210938,37907897.0
2026-09-03T10:30:00-04:00,149.41000366210938,149.83999633789062,147.27020263671875,149.47999572753906,15815047.0
2026-09-03T11:30:00-04:00,149.4600067138672,149.97999572753906,148.30999755859375,148.5800018310547,11668322.0
2026-09-03T12:30:00-04:00,148.5500030517578,152.13999938964844,148.2001953125,150.9250030517578,21469912.0
2026-09-03T13:30:00-04:00,150.9250030517578,152.3000030517578,150.6999969482422,150.9199981689453,10397087.0
2026-09-03T14:30:00-04:00,150.9199981689453,152.0500030517578,150.77999877929688,151.55999755859375,7887071.0
2026-09-03T15:30:00-04:00,151.56979370117188,151.61000061035156,149.1750030517578,149.69000244140625,10274132.0
2026-09-04T09:30:00-04:00,148.5500030517578,150.8498992919922,147.32000732421875,150.35000610351562,20461367.0
2026-09-04T10:30:00-04:00,150.35000610351562,150.6300048828125,148.8000030517578,149.26499938964844,6109505.0
2026-09-04T11:30:00-04:00,149.26499938964844,149.60000610351562,148.27000427246094,148.3699951171875,4656564.0
2026-09-04T12:30:00-04:00,148.36000061035156,149.07000732421875,148.3300018310547,148.90989685058594,3210835.0
2026-09-04T13:30:00-04:00,148.89999389648438,148.9199981689453,148.22999572753906,148.4550018310547,2750192.0
2026-09-04T14:30:00-04:00,148.46200561523438,149.32000732421875,148.4600067138672,149.27000427246094,3674398.0
2026-09-04T15:30:00-04:00,149.27000427246094,149.3350067138672,147.4499969482422,147.99000549316406,5658682.0
2026-09-08T09:30:00-04:00,148.9949951171875,149.77000427246094,145.13999938964844,147.83999633789062,20864563.0
2026-09-08T10:30:00-04:00,147.82000732421875,152.15660095214844,147.3800048828125,152.0135955810547,12098705.0
2026-09-08T11:30:00-04:00,152.029296875,154.0800018310547,151.67999267578125,152.73500061035156,14818592.0
2026-09-08T12:30:00-04:00,152.72999572753906,154.86000061035156,152.6300048828125,153.0,10169052.0
2026-09-08T13:30:00-04:00,153.00999450683594,153.69000244140625,152.5399932861328,153.64999389648438,5915067.0
2026-09-08T14:30:00-04:00,153.6490020751953,154.63999938964844,153.35000610351562,154.3489990234375,8155683.0
2026-09-08T15:30:00-04:00,154.33999633789062,154.3699951171875,152.92999267578125,153.4550018310547,8632200.0
2026-09-09T09:30:00-04:00,150.8800048828125,153.0,149.6999969482422,149.7899932861328,40130480.0
2026-09-09T10:30:00-04:00,149.7899932861328,150.5399932861328,146.42999267578125,146.47999572753906,18848621.0
2026-09-09T11:30:00-04:00,146.47500610351562,146.99000549316406,145.7100067138672,146.27999877929688,15138867.0
2026-09-09T12:30:00-04:00,146.27999877929688,146.47999572753906,145.5500030517578,145.8300018310547,8742763.0
2026-09-09T13:30:00-04:00,145.80999755859375,148.8699951171875,145.77000427246094,148.2899932861328,11937841.0
2026-09-09T14:30:00-04:00,148.3000030517578,148.7899932861328,147.14529418945312,147.1649932861328,8627230.0
2026-09-09T15:30:00-04:00,147.1699981689453,148.09500122070312,146.61000061035156,147.55999755859375,11828362.0
2026-09-10T09:30:00-04:00,146.67999267578125,154.6999969482422,146.61099243164062,150.01510620117188,45575182.0
2026-09-10T10:30:00-04:00,150.01499938964844,150.69000244140625,149.5802001953125,149.62159729003906,11529742.0
2026-09-10T11:30:00-04:00,149.6649932861328,152.0399932861328,149.33999633789062,151.86000061035156,13894388.0
2026-09-10T12:30:00-04:00,151.86000061035156,152.0500030517578,150.10000610351562,151.60000610351562,8152686.0
2026-09-10T13:30:00-04:00,151.60000610351562,152.0,148.0601043701172,148.3350067138672,11502514.0
2026-09-10T14:30:00-04:00,148.33990478515625,149.25,147.00999450683594,148.22000122070312,9735254.0
2026-09-10T15:30:00-04:00,148.22000122070312,148.8800048828125,147.22000122070312,148.17999267578125,10223331.0
2026-09-11T09:30:00-04:00,150.06500244140625,150.58999633789062,145.9199981689453,148.14500427246094,21503914.0
2026-09-11T10:30:00-04:00,148.14500427246094,148.25,146.03500366210938,147.46029663085938,11348668.0
2026-09-11T11:30:00-04:00,147.42999267578125,148.8800048828125,147.30999755859375,148.73500061035156,7423216.0
2026-09-11T12:30:00-04:00,148.73500061035156,150.25,148.41000366210938,149.82000732421875,8229636.0
2026-09-11T13:30:00-04:00,149.82000732421875,150.0399932861328,148.7899932861328,149.89500427246094,6354314.0
2026-09-11T14:30:00-04:00,149.88470458984375,150.4199981689453,149.4199981689453,150.2100067138672,7634233.0
2026-09-11T15:30:00-04:00,150.23500061035156,151.85000610351562,150.23500061035156,151.13999938964844,12980564.0
2026-09-14T09:30:00-04:00,147.24000549316406,149.6750030517578,146.61000061035156,148.65499877929688,17969266.0
2026-09-14T10:30:00-04:00,148.67999267578125,150.5299072265625,147.99000549316406,150.30999755859375,8946751.0
2026-09-14T11:30:00-04:00,150.3000030517578,152.55999755859375,150.1199951171875,151.8000030517578,9719074.0
2026-09-14T12:30:00-04:00,151.7899932861328,152.55999755859375,151.2100067138672,151.97000122070312,7063182.0
2026-09-14T13:30:00-04:00,151.9550018310547,152.1300048828125,151.22999572753906,151.25100708007812,4912829.0
2026-09-14T14:30:00-04:00,151.2646026611328,151.34280395507812,149.17999267578125,149.18499755859375,6343988.0
2026-09-14T15:30:00-04:00,149.2050018310547,151.32000732421875,147.02999877929688,148.13009643554688,8116727.0
2026-09-15T09:30:00-04:00,148.4499969482422,148.4600067138672,144.22000122070312,145.6999969482422,24317610.0
2026-09-15T10:30:00-04:00,145.6999969482422,146.0800018310547,144.63999938964844,145.17999267578125,8991041.0
2026-09-15T11:30:00-04:00,145.17999267578125,145.24000549316406,143.75,144.1199951171875,7871461.0
2026-09-15T12:30:00-04:00,144.1199951171875,144.5800018310547,143.50999450683594,143.72999572753906,5890141.0
2026-09-15T13:30:00-04:00,143.7050018310547,144.7310028076172,143.02000427246094,144.63999938964844,6997566.0
2026-09-15T14:30:00-04:00,144.63499450683594,144.77999877929688,143.24000549316406,143.39500427246094,6800471.0
2026-09-15T15:30:00-04:00,143.39500427246094,144.04989624023438,142.87210083007812,143.5399932861328,6627395.0
2026-09-16T09:30:00-04:00,144.84500122070312,152.02999877929688,144.36000061035156,151.4114990234375,35907216.0
2026-09-16T10:30:00-04:00,151.4199981689453,153.0,150.47999572753906,152.47000122070312,17121920.0
2026-09-16T11:30:00-04:00,152.46009826660156,152.58999633789062,150.75999450683594,151.9600067138672,8466972.0
2026-09-16T12:30:00-04:00,151.9499969482422,152.36000061035156,150.5800018310547,151.27000427246094,7904060.0
2026-09-16T13:30:00-04:00,151.2899932861328,152.2899932861328,149.63499450683594,151.3699951171875,11363827.0
2026-09-16T14:30:00-04:00,151.375,151.49000549316406,148.9499969482422,149.88499450683594,13320825.0
2026-09-16T15:30:00-04:00,149.86000061035156,152.47000122070312,149.3800048828125,150.89999389648438,9966317.0
2026-09-17T09:30:00-04:00,154.0,156.8656005859375,152.6320037841797,154.97999572753906,35396081.0
2026-09-17T10:30:00-04:00,154.97999572753906,155.1300048828125,153.44000244140625,153.95030212402344,9355192.0
2026-09-17T11:30:00-04:00,153.9600067138672,155.11199951171875,153.6999969482422,154.9499969482422,7474670.0
2026-09-17T12:30:00-04:00,154.9600067138672,155.32000732421875,154.3800048828125,154.89739990234375,7228293.0
2026-09-17T13:30:00-04:00,154.88999938964844,155.19000244140625,154.6199951171875,154.835205078125,5183346.0
2026-09-17T14:30:00-04:00,154.851806640625,155.37950134277344,154.50999450683594,155.14999389648438,5336554.0
2026-09-17T15:30:00-04:00,155.1531982421875,155.27999877929688,153.97000122070312,154.7899932861328,8560167.0
2026-09-18T09:30:00-04:00,154.6649932861328,156.60000610351562,150.91000366210938,151.96499633789062,25802628.0
2026-09-18T10:30:00-04:00,151.9499969482422,152.8000030517578,151.0800018310547,151.26010131835938,14609207.0
2026-09-18T11:30:00-04:00,151.27000427246094,151.52000427246094,149.92999267578125,150.74000549316406,13064394.0
2026-09-18T12:30:00-04:00,150.74000549316406,152.08799743652344,150.74000549316406,151.9149932861328,8173368.0
2026-09-18T13:30:00-04:00,151.91000366210938,152.47000122070312,151.02000427246094,151.11000061035156,7140845.0
2026-09-18T14:30:00-04:00,151.1199951171875,152.91000366210938,150.58999633789062,152.3699951171875,11635940.0
2026-09-18T15:30:00-04:00,152.41000366210938,155.0,151.71099853515625,152.72000122070312,27415447.0
2026-09-21T09:30:00-04:00,154.77000427246094,158.1300048828125,153.22999572753906,158.05799865722656,26016639.0
2026-09-21T10:30:00-04:00,158.0399932861328,158.10000610351562,155.02000427246094,155.22000122070312,12530152.0
2026-09-21T11:30:00-04:00,155.22500610351562,155.6699981689453,154.72000122070312,154.72279357910156,8078517.0
2026-09-21T12:30:00-04:00,154.7100067138672,154.88999938964844,154.09800720214844,154.25999450683594,5085508.0
2026-09-21T13:30:00-04:00,154.22999572753906,154.32000732421875,152.24000549316406,152.36500549316406,8857974.0
2026-09-21T14:30:00-04:00,152.36500549316406,152.92999267578125,151.8800048828125,152.1864013671875,8027411.0
2026-09-21T15:30:00-04:00,152.2100067138672,152.6999969482422,151.63999938964844,151.8695068359375,7466561.0
2026-09-22T09:30:00-04:00,151.70199584960938,154.47000122070312,150.5500946044922,153.77999877929688,18754711.0
2026-09-22T10:30:00-04:00,153.8000030517578,154.94000244140625,153.41610717773438,153.97500610351562,10144840.0
2026-09-22T11:30:00-04:00,153.96949768066406,154.05999755859375,152.61000061035156,152.85000610351562,5463071.0
2026-09-22T12:30:00-04:00,152.8699951171875,154.22000122070312,152.8302001953125,153.7100067138672,4193499.0
2026-09-22T13:30:00-04:00,153.72999572753906,154.52999877929688,153.35000610351562,154.16000366210938,4303137.0
2026-09-22T14:30:00-04:00,154.1540069580078,154.16000366210938,153.1750030517578,153.72000122070312,4102709.0
2026-09-22T15:30:00-04:00,153.69000244140625,154.86000061035156,153.35000610351562,154.75,6284166.0
2026-09-23T09:30:00-04:00,153.36000061035156,154.25999450683594,152.0500030517578,152.47500610351562,12676752.0
2026-09-23T10:30:00-04:00,152.4600067138672,152.9499969482422,151.8800048828125,152.19000244140625,5838779.0
2026-09-23T11:30:00-04:00,152.19500732421875,152.39999389648438,151.74600219726562,151.81500244140625,3874989.0
2026-09-23T12:30:00-04:00,151.80099487304688,151.9398956298828,150.3000030517578,150.3350067138672,6066403.0
2026-09-23T13:30:00-04:00,150.33999633789062,150.57940673828125,148.89999389648438,149.36000061035156,8395024.0
2026-09-23T14:30:00-04:00,149.36000061035156,149.44000244140625,148.42999267578125,148.52000427246094,7701921.0
2026-09-23T15:30:00-04:00,148.51499938964844,148.7899932861328,147.88999938964844,148.39999389648438,9681283.0
2026-09-24T09:30:00-04:00,147.0,149.0,145.8800048828125,147.75999450683594,26215634.0
2026-09-24T10:30:00-04:00,147.75010681152344,147.99000549316406,146.58200073242188,147.16000366210938,8057700.0
2026-09-24T11:30:00-04:00,147.15499877929688,148.88999938964844,147.11000061035156,148.3000030517578,8313222.0
2026-09-24T12:30:00-04:00,148.30999755859375,148.77999877929688,147.6999969482422,147.91000366210938,6308335.0
2026-09-24T13:30:00-04:00,147.89999389648438,148.14999389648438,147.36000061035156,147.85000610351562,4219349.0
2026-09-24T14:30:00-04:00,147.85000610351562,147.88999938964844,146.66000366210938,146.75999450683594,6337314.0
2026-09-24T15:30:00-04:00,146.75999450683594,148.18499755859375,146.60000610351562,148.0659942626953,8373143.0
2026-09-25T09:30:00-04:00,148.3800048828125,148.73880004882812,146.25999450683594,146.4001007080078,14117356.0
2026-09-25T10:30:00-04:00,146.4257049560547,147.27000427246094,146.02000427246094,147.23500061035156,6886393.0
2026-09-25T11:30:00-04:00,147.23500061035156,149.6649932861328,146.0,149.02999877929688,9608834.0
2026-09-25T12:30:00-04:00,149.00999450683594,149.0399932861328,148.22999572753906,148.56500244140625,4500110.0
2026-09-25T13:30:00-04:00,148.57000732421875,148.75,147.89999389648438,148.01499938964844,3534425.0
2026-09-25T14:30:00-04:00,148.00999450683594,148.5,147.86000061035156,148.39500427246094,3520753.0
2026-09-25T15:30:00-04:00,148.39630126953125,149.2100067138672,148.2100067138672,148.72999572753906,6680419.0
2026-09-28T09:30:00-04:00,148.5019989013672,150.8000030517578,145.6551971435547,147.35000610351562,33573885.0
2026-09-28T10:30:00-04:00,147.3249969482422,148.30999755859375,146.7017059326172,147.9600067138672,8368453.0
2026-09-28T11:30:00-04:00,147.97999572753906,148.6199951171875,146.60000610351562,147.78500366210938,8217072.0
2026-09-28T12:30:00-04:00,147.7779998779297,147.8000030517578,146.3800048828125,146.5800018310547,5265391.0
2026-09-28T13:30:00-04:00,146.58999633789062,148.1199951171875,146.51499938964844,147.65499877929688,6019240.0
2026-09-28T14:30:00-04:00,147.65499877929688,147.77999877929688,146.02000427246094,146.29249572753906,6211150.0
2026-09-28T15:30:00-04:00,146.2834930419922,146.6199951171875,145.36000061035156,145.49099731445312,8351724.0
2026-09-29T09:30:00-04:00,146.68499755859375,147.47999572753906,145.47000122070312,146.9199981689453,13643615.0
2026-09-29T10:30:00-04:00,146.92990112304688,150.02000427246094,146.66610717773438,148.40499877929688,17439030.0
2026-09-29T11:30:00-04:00,148.42999267578125,149.5,147.5,149.07000732421875,11209638.0
2026-09-29T12:30:00-04:00,149.05999755859375,149.57000732421875,148.42999267578125,149.1199951171875,6796493.0
2026-09-29T13:30:00-04:00,149.11000061035156,149.19000244140625,147.60000610351562,147.77000427246094,5675199.0
2026-09-29T14:30:00-04:00,147.75,149.1199951171875,147.27000427246094,148.63999938964844,5685133.0
2026-09-29T15:30:00-04:00,148.64500427246094,150.05999755859375,148.48500061035156,149.1999969482422,8260768.0
