trade_id,symbol,asset_class,signal_time,entry_time,exit_time,signal_in_period,entry_in_period,exit_in_period,defF_flag_recorded,defF_flag_recomputed,defF_match,defI_interval_overlap,defF_vs_defI_differ
T000,SOL-USD,crypto,2024-10-21T08:00:00+00:00,2024-10-21T12:00:00+00:00,2024-10-25T20:00:00+00:00,False,False,False,False,False,True,False,False
T001,DOGE-USD,crypto,2024-10-21T08:00:00+00:00,2024-10-21T12:00:00+00:00,2024-10-23T04:00:00+00:00,False,False,False,False,False,True,False,False
T002,BTC-USD,crypto,2024-10-24T20:00:00+00:00,2024-10-25T00:00:00+00:00,2024-10-25T20:00:00+00:00,False,False,False,False,False,True,False,False
T003,SOL-USD,crypto,2024-10-27T12:00:00+00:00,2024-10-27T16:00:00+00:00,2024-10-31T16:00:00+00:00,False,False,False,False,False,True,False,False
T004,DOGE-USD,crypto,2024-10-28T12:00:00+00:00,2024-10-28T16:00:00+00:00,2024-10-31T20:00:00+00:00,False,False,False,False,False,True,False,False
T005,DOGE-USD,crypto,2024-11-05T00:00:00+00:00,2024-11-05T04:00:00+00:00,2024-11-15T00:00:00+00:00,True,True,True,True,True,True,True,False
T006,AVAX-USD,crypto,2024-11-07T16:00:00+00:00,2024-11-07T20:00:00+00:00,2024-11-13T04:00:00+00:00,True,True,True,True,True,True,True,False
T007,AVAX-USD,crypto,2024-11-13T12:00:00+00:00,2024-11-13T16:00:00+00:00,2024-11-14T16:00:00+00:00,True,True,True,True,True,True,True,False
T008,AVAX-USD,crypto,2024-11-15T16:00:00+00:00,2024-11-15T20:00:00+00:00,2024-11-20T20:00:00+00:00,True,True,True,True,True,True,True,False
T009,LINK-USD,crypto,2024-11-15T20:00:00+00:00,2024-11-16T00:00:00+00:00,2024-11-24T16:00:00+00:00,True,True,True,True,True,True,True,False
T010,AVAX-USD,crypto,2024-11-23T16:00:00+00:00,2024-11-23T20:00:00+00:00,2024-11-24T16:00:00+00:00,True,True,True,True,True,True,True,False
T011,ETH-USD,crypto,2024-11-25T04:00:00+00:00,2024-11-25T08:00:00+00:00,2024-11-26T16:00:00+00:00,True,True,True,True,True,True,True,False
T012,LINK-USD,crypto,2024-11-25T08:00:00+00:00,2024-11-25T12:00:00+00:00,2024-11-26T00:00:00+00:00,True,True,True,True,True,True,True,False
T013,AVAX-USD,crypto,2024-11-26T12:00:00+00:00,2024-11-26T16:00:00+00:00,2024-12-06T00:00:00+00:00,True,True,True,True,True,True,True,False
T014,LINK-USD,crypto,2024-11-27T04:00:00+00:00,2024-11-27T08:00:00+00:00,2024-12-09T16:00:00+00:00,True,True,True,True,True,True,True,False
T015,BTC-USD,crypto,2024-12-09T04:00:00+00:00,2024-12-09T08:00:00+00:00,2024-12-09T12:00:00+00:00,True,True,True,True,True,True,True,False
T016,ETH-USD,crypto,2024-12-12T12:00:00+00:00,2024-12-12T16:00:00+00:00,2024-12-18T00:00:00+00:00,True,True,True,True,True,True,True,False
T017,AVAX-USD,crypto,2024-12-12T16:00:00+00:00,2024-12-12T20:00:00+00:00,2024-12-15T00:00:00+00:00,True,True,True,True,True,True,True,False
T018,BTC-USD,crypto,2024-12-16T00:00:00+00:00,2024-12-16T04:00:00+00:00,2024-12-18T20:00:00+00:00,True,True,True,True,True,True,True,False
T019,AVAX-USD,crypto,2025-01-03T20:00:00+00:00,2025-01-04T00:00:00+00:00,2025-01-07T16:00:00+00:00,True,True,True,True,True,True,True,False
T020,XRP-USD,crypto,2025-01-05T16:00:00+00:00,2025-01-05T20:00:00+00:00,2025-01-07T16:00:00+00:00,True,True,True,True,True,True,True,False
T021,XRP-USD,crypto,2025-01-11T08:00:00+00:00,2025-01-11T12:00:00+00:00,2025-01-13T12:00:00+00:00,True,True,True,True,True,True,True,False
T022,XRP-USD,crypto,2025-01-13T12:00:00+00:00,2025-01-13T16:00:00+00:00,2025-01-19T12:00:00+00:00,True,True,True,True,True,True,True,False
T023,DOGE-USD,crypto,2025-01-16T00:00:00+00:00,2025-01-16T04:00:00+00:00,2025-01-19T12:00:00+00:00,True,True,True,True,True,True,True,False
T024,LINK-USD,crypto,2025-01-19T12:00:00+00:00,2025-01-19T16:00:00+00:00,2025-01-27T04:00:00+00:00,True,True,True,True,True,True,True,False
T025,BTC-USD,crypto,2025-01-20T04:00:00+00:00,2025-01-20T08:00:00+00:00,2025-01-21T00:00:00+00:00,True,True,True,True,True,True,True,False
T026,DOGE-USD,crypto,2025-01-21T08:00:00+00:00,2025-01-21T12:00:00+00:00,2025-01-22T00:00:00+00:00,True,True,True,True,True,True,True,False
T027,SOL-USD,crypto,2025-01-22T20:00:00+00:00,2025-01-23T00:00:00+00:00,2025-01-27T00:00:00+00:00,True,True,True,True,True,True,True,False
T028,ETH-USD,crypto,2025-01-31T16:00:00+00:00,2025-01-31T20:00:00+00:00,2025-02-01T20:00:00+00:00,True,True,True,True,True,True,True,False
T029,LRCX,equity,2025-02-21T12:30:00-05:00,2025-02-24T08:30:00-05:00,2025-02-25T12:30:00-05:00,True,True,True,True,True,True,True,False
T030,MELI,equity,2025-02-24T08:30:00-05:00,2025-02-24T12:30:00-05:00,2025-02-28T08:30:00-05:00,True,True,True,True,True,True,True,False
T031,AAPL,equity,2025-02-24T08:30:00-05:00,2025-02-24T12:30:00-05:00,2025-02-27T08:30:00-05:00,True,True,True,True,True,True,True,False
T032,SMCI,equity,2025-02-26T08:30:00-05:00,2025-02-26T12:30:00-05:00,2025-02-27T12:30:00-05:00,True,True,True,True,True,True,True,False
T033,ASTS,equity,2025-02-26T08:30:00-05:00,2025-02-26T12:30:00-05:00,2025-02-28T08:30:00-05:00,True,True,True,True,True,True,True,False
T034,NIO,equity,2025-02-27T12:30:00-05:00,2025-02-28T08:30:00-05:00,2025-03-03T12:30:00-05:00,True,True,True,True,True,True,True,False
T035,XLF,equity,2025-02-28T08:30:00-05:00,2025-02-28T12:30:00-05:00,2025-03-04T12:30:00-05:00,True,True,True,True,True,True,True,False
T036,XRP-USD,crypto,2025-03-03T04:00:00+00:00,2025-03-03T08:00:00+00:00,2025-03-03T20:00:00+00:00,True,True,True,True,True,True,True,False
T037,INTC,equity,2025-03-03T08:30:00-05:00,2025-03-03T12:30:00-05:00,2025-03-04T08:30:00-05:00,True,True,True,True,True,True,True,False
T038,XRP-USD,crypto,2025-03-06T08:00:00+00:00,2025-03-06T12:00:00+00:00,2025-03-08T00:00:00+00:00,True,True,True,True,True,True,True,False
T039,NFLX,equity,2025-03-05T12:30:00-05:00,2025-03-06T08:30:00-05:00,2025-03-06T12:30:00-05:00,True,True,True,True,True,True,True,False
T040,ASTS,equity,2025-03-06T08:30:00-05:00,2025-03-06T12:30:00-05:00,2025-03-11T13:30:00-04:00,True,True,False,True,True,True,True,False
T041,PFE,equity,2025-03-10T09:30:00-04:00,2025-03-10T13:30:00-04:00,2025-03-11T13:30:00-04:00,False,False,False,False,False,True,False,False
T042,NIO,equity,2025-03-13T09:30:00-04:00,2025-03-13T13:30:00-04:00,2025-03-21T13:30:00-04:00,False,False,False,False,False,True,False,False
T043,INTC,equity,2025-03-19T09:30:00-04:00,2025-03-19T13:30:00-04:00,2025-03-28T13:30:00-04:00,False,False,False,False,False,True,False,False
T044,XRP-USD,crypto,2025-03-20T00:00:00+00:00,2025-03-20T04:00:00+00:00,2025-03-21T12:00:00+00:00,False,False,False,False,False,True,False,False
T045,F,equity,2025-03-19T13:30:00-04:00,2025-03-20T09:30:00-04:00,2025-03-28T13:30:00-04:00,False,False,False,False,False,True,False,False
T046,LINK-USD,crypto,2025-03-27T00:00:00+00:00,2025-03-27T04:00:00+00:00,2025-03-28T08:00:00+00:00,False,False,False,False,False,True,False,False
T047,MELI,equity,2025-03-27T09:30:00-04:00,2025-03-27T13:30:00-04:00,2025-03-28T13:30:00-04:00,False,False,False,False,False,True,False,False
T048,F,equity,2025-04-02T09:30:00-04:00,2025-04-02T13:30:00-04:00,2025-04-03T13:30:00-04:00,False,False,False,False,False,True,False,False
T049,AVAX-USD,crypto,2025-04-12T16:00:00+00:00,2025-04-12T20:00:00+00:00,2025-04-16T00:00:00+00:00,False,False,False,False,False,True,False,False
T050,SOL-USD,crypto,2025-04-13T00:00:00+00:00,2025-04-13T04:00:00+00:00,2025-04-16T00:00:00+00:00,False,False,False,False,False,True,False,False
T051,PLTR,equity,2025-04-15T09:30:00-04:00,2025-04-15T13:30:00-04:00,2025-05-06T13:30:00-04:00,False,False,False,False,False,True,False,False
T052,NFLX,equity,2025-04-17T09:30:00-04:00,2025-04-17T13:30:00-04:00,2025-06-10T13:30:00-04:00,False,False,False,False,False,True,False,False
T053,SOL-USD,crypto,2025-04-20T00:00:00+00:00,2025-04-20T04:00:00+00:00,2025-04-20T12:00:00+00:00,False,False,False,False,False,True,False,False
T054,SOL-USD,crypto,2025-04-21T00:00:00+00:00,2025-04-21T04:00:00+00:00,2025-04-27T04:00:00+00:00,False,False,False,False,False,True,False,False
T055,LINK-USD,crypto,2025-04-21T12:00:00+00:00,2025-04-21T16:00:00+00:00,2025-04-30T16:00:00+00:00,False,False,False,False,False,True,False,False
T056,CRWD,equity,2025-04-23T09:30:00-04:00,2025-04-23T13:30:00-04:00,2025-05-09T13:30:00-04:00,False,False,False,False,False,True,False,False
T057,XRP-USD,crypto,2025-04-27T12:00:00+00:00,2025-04-27T16:00:00+00:00,2025-04-30T08:00:00+00:00,False,False,False,False,False,True,False,False
T058,NU,equity,2025-04-30T09:30:00-04:00,2025-04-30T13:30:00-04:00,2025-05-21T13:30:00-04:00,False,False,False,False,False,True,False,False
T059,SOL-USD,crypto,2025-05-01T08:00:00+00:00,2025-05-01T12:00:00+00:00,2025-05-03T12:00:00+00:00,False,False,False,False,False,True,False,False
T060,BTC-USD,crypto,2025-05-07T00:00:00+00:00,2025-05-07T04:00:00+00:00,2025-05-12T20:00:00+00:00,False,False,False,False,False,True,False,False
T061,MSFT,equity,2025-05-08T09:30:00-04:00,2025-05-08T13:30:00-04:00,2025-08-18T13:30:00-04:00,False,False,False,False,False,True,False,False
T062,ETH-USD,crypto,2025-05-11T00:00:00+00:00,2025-05-11T04:00:00+00:00,2025-05-13T04:00:00+00:00,False,False,False,False,False,True,False,False
T063,AVAX-USD,crypto,2025-05-12T16:00:00+00:00,2025-05-12T20:00:00+00:00,2025-05-15T08:00:00+00:00,False,False,False,False,False,True,False,False
T064,LINK-USD,crypto,2025-05-13T20:00:00+00:00,2025-05-14T00:00:00+00:00,2025-05-15T08:00:00+00:00,False,False,False,False,False,True,False,False
T065,MU,equity,2025-05-14T13:30:00-04:00,2025-05-15T09:30:00-04:00,2025-07-01T13:30:00-04:00,False,False,False,False,False,True,False,False
T066,LUNR,equity,2025-05-15T09:30:00-04:00,2025-05-15T13:30:00-04:00,2025-06-02T13:30:00-04:00,False,False,False,False,False,True,False,False
T067,SMCI,equity,2025-05-21T09:30:00-04:00,2025-05-21T13:30:00-04:00,2025-06-24T09:30:00-04:00,False,False,False,False,False,True,False,False
T068,AMD,equity,2025-06-02T09:30:00-04:00,2025-06-02T13:30:00-04:00,2025-06-13T13:30:00-04:00,False,False,False,False,False,True,False,False
T069,PYPL,equity,2025-06-10T09:30:00-04:00,2025-06-10T13:30:00-04:00,2025-06-13T13:30:00-04:00,False,False,False,False,False,True,False,False
T070,PFE,equity,2025-06-13T09:30:00-04:00,2025-06-13T13:30:00-04:00,2025-06-17T13:30:00-04:00,False,False,False,False,False,True,False,False
T071,AMAT,equity,2025-06-16T09:30:00-04:00,2025-06-16T13:30:00-04:00,2025-06-20T13:30:00-04:00,False,False,False,False,False,True,False,False
T072,RKLB,equity,2025-06-18T09:30:00-04:00,2025-06-18T13:30:00-04:00,2025-07-22T09:30:00-04:00,False,False,False,False,False,True,False,False
T073,F,equity,2025-06-20T09:30:00-04:00,2025-06-20T13:30:00-04:00,2025-06-25T13:30:00-04:00,False,False,False,False,False,True,False,False
T074,TSLA,equity,2025-06-24T09:30:00-04:00,2025-06-24T13:30:00-04:00,2025-06-27T13:30:00-04:00,False,False,False,False,False,True,False,False
T075,ASTS,equity,2025-06-25T09:30:00-04:00,2025-06-25T13:30:00-04:00,2025-07-01T09:30:00-04:00,False,False,False,False,False,True,False,False
T076,COIN,equity,2025-06-27T09:30:00-04:00,2025-06-27T13:30:00-04:00,2025-07-23T13:30:00-04:00,False,False,False,False,False,True,False,False
T077,MSTR,equity,2025-07-02T09:30:00-04:00,2025-07-02T13:30:00-04:00,2025-07-21T09:30:00-04:00,False,False,False,False,False,True,False,False
T078,NFLX,equity,2025-07-03T09:30:00-04:00,2025-07-07T09:30:00-04:00,2025-07-10T13:30:00-04:00,False,False,False,False,False,True,False,False
T079,DDOG,equity,2025-07-10T09:30:00-04:00,2025-07-10T13:30:00-04:00,2025-07-31T13:30:00-04:00,False,False,False,False,False,True,False,False
T080,MSTR,equity,2025-07-21T09:30:00-04:00,2025-07-21T13:30:00-04:00,2025-07-23T13:30:00-04:00,False,False,False,False,False,True,False,False
T081,RKLB,equity,2025-07-22T09:30:00-04:00,2025-07-22T13:30:00-04:00,2025-08-14T13:30:00-04:00,False,False,False,False,False,True,False,False
T082,NVDA,equity,2025-07-23T09:30:00-04:00,2025-07-23T13:30:00-04:00,2025-08-01T13:30:00-04:00,False,False,False,False,False,True,False,False
T083,LUNR,equity,2025-07-24T09:30:00-04:00,2025-07-24T13:30:00-04:00,2025-07-31T09:30:00-04:00,False,False,False,False,False,True,False,False
T084,SOFI,equity,2025-07-30T13:30:00-04:00,2025-07-31T09:30:00-04:00,2025-08-20T13:30:00-04:00,False,False,False,False,False,True,False,False
T085,NIO,equity,2025-07-31T09:30:00-04:00,2025-07-31T13:30:00-04:00,2025-08-05T09:30:00-04:00,False,False,False,False,False,True,False,False
T086,META,equity,2025-08-01T09:30:00-04:00,2025-08-01T13:30:00-04:00,2025-08-19T13:30:00-04:00,False,False,False,False,False,True,False,False
T087,SPY,equity,2025-08-06T09:30:00-04:00,2025-08-06T13:30:00-04:00,2025-08-21T13:30:00-04:00,False,False,False,False,False,True,False,False
T088,LRCX,equity,2025-08-14T09:30:00-04:00,2025-08-14T13:30:00-04:00,2025-08-15T13:30:00-04:00,False,False,False,False,False,True,False,False
T089,AMZN,equity,2025-08-15T09:30:00-04:00,2025-08-15T13:30:00-04:00,2025-08-20T13:30:00-04:00,False,False,False,False,False,True,False,False
T090,QCOM,equity,2025-08-19T09:30:00-04:00,2025-08-19T13:30:00-04:00,2025-08-20T13:30:00-04:00,False,False,False,False,False,True,False,False
T091,PFE,equity,2025-08-20T09:30:00-04:00,2025-08-20T13:30:00-04:00,2025-08-26T09:30:00-04:00,False,False,False,False,False,True,False,False
T092,NU,equity,2025-08-21T09:30:00-04:00,2025-08-21T13:30:00-04:00,2025-09-30T13:30:00-04:00,False,False,False,False,False,True,False,False
T093,SOFI,equity,2025-08-21T09:30:00-04:00,2025-08-21T13:30:00-04:00,2025-09-29T09:30:00-04:00,False,False,False,False,False,True,False,False
T094,LINK-USD,crypto,2025-08-22T12:00:00+00:00,2025-08-22T16:00:00+00:00,2025-08-25T08:00:00+00:00,False,False,False,False,False,True,False,False
T095,QCOM,equity,2025-08-22T09:30:00-04:00,2025-08-22T13:30:00-04:00,2025-09-29T13:30:00-04:00,False,False,False,False,False,True,False,False
T096,RKLB,equity,2025-08-26T09:30:00-04:00,2025-08-26T13:30:00-04:00,2025-09-03T13:30:00-04:00,False,False,False,False,False,True,False,False
T097,SOL-USD,crypto,2025-08-27T04:00:00+00:00,2025-08-27T08:00:00+00:00,2025-08-29T20:00:00+00:00,False,False,False,False,False,True,False,False
T098,SNOW,equity,2025-09-02T09:30:00-04:00,2025-09-02T13:30:00-04:00,2025-09-15T09:30:00-04:00,False,False,False,False,False,True,False,False
T099,TSLA,equity,2025-09-05T09:30:00-04:00,2025-09-05T13:30:00-04:00,2025-10-03T13:30:00-04:00,False,False,False,False,False,True,False,False
T100,AMZN,equity,2025-09-15T09:30:00-04:00,2025-09-15T13:30:00-04:00,2025-09-22T13:30:00-04:00,False,False,False,False,False,True,False,False
T101,ARKK,equity,2025-09-22T09:30:00-04:00,2025-09-22T13:30:00-04:00,2025-09-25T13:30:00-04:00,False,False,False,False,False,True,False,False
T102,ASTS,equity,2025-09-25T09:30:00-04:00,2025-09-25T13:30:00-04:00,2025-10-21T09:30:00-04:00,False,False,False,False,False,True,False,False
T103,MU,equity,2025-09-29T09:30:00-04:00,2025-09-29T13:30:00-04:00,2025-10-13T09:30:00-04:00,False,False,False,False,False,True,False,False
T104,SHOP,equity,2025-09-29T13:30:00-04:00,2025-09-30T09:30:00-04:00,2025-10-10T13:30:00-04:00,False,False,False,False,False,True,False,False
T105,AMAT,equity,2025-09-30T09:30:00-04:00,2025-09-30T13:30:00-04:00,2025-10-08T09:30:00-04:00,False,False,False,False,False,True,False,False
T106,SOL-USD,crypto,2025-10-03T16:00:00+00:00,2025-10-03T20:00:00+00:00,2025-10-04T16:00:00+00:00,False,False,False,False,False,True,False,False
T107,SOL-USD,crypto,2025-10-05T00:00:00+00:00,2025-10-05T04:00:00+00:00,2025-10-07T16:00:00+00:00,False,False,False,False,False,True,False,False
T108,SNOW,equity,2025-10-07T09:30:00-04:00,2025-10-07T13:30:00-04:00,2025-11-07T12:30:00-05:00,False,False,True,True,True,True,True,False
T109,ARM,equity,2025-10-07T13:30:00-04:00,2025-10-08T09:30:00-04:00,2025-10-10T13:30:00-04:00,False,False,False,False,False,True,False,False
T110,AMD,equity,2025-10-10T09:30:00-04:00,2025-10-10T13:30:00-04:00,2025-11-06T12:30:00-05:00,False,False,True,True,True,True,True,False
T111,MU,equity,2025-10-13T09:30:00-04:00,2025-10-13T13:30:00-04:00,2025-11-05T08:30:00-05:00,False,False,True,True,True,True,True,False
T112,SOFI,equity,2025-10-14T09:30:00-04:00,2025-10-14T13:30:00-04:00,2025-10-17T09:30:00-04:00,False,False,False,False,False,True,False,False
T113,TSLA,equity,2025-10-17T09:30:00-04:00,2025-10-17T13:30:00-04:00,2025-11-07T12:30:00-05:00,False,False,True,True,True,True,True,False
T114,PLTR,equity,2025-10-24T09:30:00-04:00,2025-10-24T13:30:00-04:00,2025-11-04T12:30:00-05:00,False,False,True,True,True,True,True,False
T115,DDOG,equity,2025-11-04T08:30:00-05:00,2025-11-04T12:30:00-05:00,2025-11-17T12:30:00-05:00,True,True,True,True,True,True,True,False
T116,MU,equity,2025-11-05T08:30:00-05:00,2025-11-05T12:30:00-05:00,2025-11-18T12:30:00-05:00,True,True,True,True,True,True,True,False
T117,NET,equity,2025-11-07T12:30:00-05:00,2025-11-10T08:30:00-05:00,2025-11-12T12:30:00-05:00,True,True,True,True,True,True,True,False
T118,XRP-USD,crypto,2025-11-10T20:00:00+00:00,2025-11-11T00:00:00+00:00,2025-11-11T16:00:00+00:00,True,True,True,True,True,True,True,False
T119,NU,equity,2025-11-10T12:30:00-05:00,2025-11-11T08:30:00-05:00,2025-11-14T08:30:00-05:00,True,True,True,True,True,True,True,False
T120,SOFI,equity,2025-11-12T08:30:00-05:00,2025-11-12T12:30:00-05:00,2025-11-13T12:30:00-05:00,True,True,True,True,True,True,True,False
T121,XRP-USD,crypto,2025-11-13T00:00:00+00:00,2025-11-13T04:00:00+00:00,2025-11-13T20:00:00+00:00,True,True,True,True,True,True,True,False
T122,PFE,equity,2025-11-13T12:30:00-05:00,2025-11-14T08:30:00-05:00,2025-11-17T08:30:00-05:00,True,True,True,True,True,True,True,False
T123,NU,equity,2025-11-14T08:30:00-05:00,2025-11-14T12:30:00-05:00,2025-11-17T12:30:00-05:00,True,True,True,True,True,True,True,False
T124,GOOGL,equity,2025-11-17T08:30:00-05:00,2025-11-17T12:30:00-05:00,2025-12-15T12:30:00-05:00,True,True,True,True,True,True,True,False
T125,AMAT,equity,2025-11-19T12:30:00-05:00,2025-11-20T08:30:00-05:00,2025-11-21T08:30:00-05:00,True,True,True,True,True,True,True,False
T126,AAPL,equity,2025-11-21T08:30:00-05:00,2025-11-21T12:30:00-05:00,2025-12-08T12:30:00-05:00,True,True,True,True,True,True,True,False
T127,AVGO,equity,2025-11-25T08:30:00-05:00,2025-11-25T12:30:00-05:00,2025-12-12T12:30:00-05:00,True,True,True,True,True,True,True,False
T128,SNOW,equity,2025-12-03T08:30:00-05:00,2025-12-03T12:30:00-05:00,2025-12-04T12:30:00-05:00,True,True,True,True,True,True,True,False
T129,INTC,equity,2025-12-04T08:30:00-05:00,2025-12-04T12:30:00-05:00,2025-12-12T12:30:00-05:00,True,True,True,True,True,True,True,False
T130,APP,equity,2025-12-04T12:30:00-05:00,2025-12-05T08:30:00-05:00,2026-01-02T08:30:00-05:00,True,True,True,True,True,True,True,False
T131,ASTS,equity,2025-12-09T08:30:00-05:00,2025-12-09T12:30:00-05:00,2025-12-15T12:30:00-05:00,True,True,True,True,True,True,True,False
T132,RKLB,equity,2025-12-12T12:30:00-05:00,2025-12-15T08:30:00-05:00,2025-12-15T12:30:00-05:00,True,True,True,True,True,True,True,False
T133,CRM,equity,2025-12-15T08:30:00-05:00,2025-12-15T12:30:00-05:00,2026-01-02T12:30:00-05:00,True,True,True,True,True,True,True,False
T134,LRCX,equity,2025-12-15T08:30:00-05:00,2025-12-15T12:30:00-05:00,2025-12-17T12:30:00-05:00,True,True,True,True,True,True,True,False
T135,RKLB,equity,2025-12-16T08:30:00-05:00,2025-12-16T12:30:00-05:00,2026-01-21T12:30:00-05:00,True,True,True,True,True,True,True,False
T136,LRCX,equity,2025-12-18T08:30:00-05:00,2025-12-18T12:30:00-05:00,2026-02-04T12:30:00-05:00,True,True,True,True,True,True,True,False
T137,QCOM,equity,2025-12-19T08:30:00-05:00,2025-12-19T12:30:00-05:00,2025-12-29T12:30:00-05:00,True,True,True,True,True,True,True,False
T138,LUNR,equity,2025-12-30T08:30:00-05:00,2025-12-30T12:30:00-05:00,2026-01-21T12:30:00-05:00,True,True,True,True,True,True,True,False
T139,BTC-USD,crypto,2026-01-02T16:00:00+00:00,2026-01-02T20:00:00+00:00,2026-01-06T20:00:00+00:00,True,True,True,True,True,True,True,False
T140,XRP-USD,crypto,2026-01-03T04:00:00+00:00,2026-01-03T08:00:00+00:00,2026-01-06T20:00:00+00:00,True,True,True,True,True,True,True,False
T141,BTC-USD,crypto,2026-01-06T20:00:00+00:00,2026-01-07T00:00:00+00:00,2026-01-07T12:00:00+00:00,True,True,True,True,True,True,True,False
T142,CRM,equity,2026-01-06T12:30:00-05:00,2026-01-07T08:30:00-05:00,2026-01-13T12:30:00-05:00,True,True,True,True,True,True,True,False
T143,SMH,equity,2026-01-07T08:30:00-05:00,2026-01-07T12:30:00-05:00,2026-01-08T12:30:00-05:00,True,True,True,True,True,True,True,False
T144,INTC,equity,2026-01-08T08:30:00-05:00,2026-01-08T12:30:00-05:00,2026-01-23T12:30:00-05:00,True,True,True,True,True,True,True,False
T145,PFE,equity,2026-01-14T08:30:00-05:00,2026-01-14T12:30:00-05:00,2026-02-03T12:30:00-05:00,True,True,True,True,True,True,True,False
T146,GOOGL,equity,2026-01-21T08:30:00-05:00,2026-01-21T12:30:00-05:00,2026-02-05T12:30:00-05:00,True,True,True,True,True,True,True,False
T147,ASTS,equity,2026-01-21T12:30:00-05:00,2026-01-22T08:30:00-05:00,2026-02-04T12:30:00-05:00,True,True,True,True,True,True,True,False
T148,AMZN,equity,2026-01-27T08:30:00-05:00,2026-01-27T12:30:00-05:00,2026-02-03T12:30:00-05:00,True,True,True,True,True,True,True,False
T149,PFE,equity,2026-02-04T08:30:00-05:00,2026-02-04T12:30:00-05:00,2026-02-20T12:30:00-05:00,True,True,True,True,True,True,True,False
T150,AAPL,equity,2026-02-05T08:30:00-05:00,2026-02-05T12:30:00-05:00,2026-02-12T12:30:00-05:00,True,True,True,True,True,True,True,False
T151,SMH,equity,2026-02-06T08:30:00-05:00,2026-02-06T12:30:00-05:00,2026-02-27T12:30:00-05:00,True,True,True,True,True,True,True,False
T152,MRNA,equity,2026-02-10T08:30:00-05:00,2026-02-10T12:30:00-05:00,2026-02-11T12:30:00-05:00,True,True,True,True,True,True,True,False
T153,NVDA,equity,2026-02-11T08:30:00-05:00,2026-02-11T12:30:00-05:00,2026-02-13T12:30:00-05:00,True,True,True,True,True,True,True,False
T154,F,equity,2026-02-12T08:30:00-05:00,2026-02-12T12:30:00-05:00,2026-02-23T12:30:00-05:00,True,True,True,True,True,True,True,False
T155,IWM,equity,2026-02-13T08:30:00-05:00,2026-02-13T12:30:00-05:00,2026-02-23T12:30:00-05:00,True,True,True,True,True,True,True,False
T156,LRCX,equity,2026-02-20T08:30:00-05:00,2026-02-20T12:30:00-05:00,2026-03-03T12:30:00-05:00,True,True,True,True,True,True,True,False
T157,F,equity,2026-02-24T08:30:00-05:00,2026-02-24T12:30:00-05:00,2026-03-02T12:30:00-05:00,True,True,True,True,True,True,True,False
T158,ARM,equity,2026-02-24T08:30:00-05:00,2026-02-24T12:30:00-05:00,2026-03-03T12:30:00-05:00,True,True,True,True,True,True,True,False
T159,NFLX,equity,2026-03-05T08:30:00-05:00,2026-03-05T12:30:00-05:00,2026-03-12T09:30:00-04:00,True,True,False,True,True,True,True,False
T160,LUNR,equity,2026-03-06T08:30:00-05:00,2026-03-06T12:30:00-05:00,2026-03-09T09:30:00-04:00,True,True,False,True,True,True,True,False
T161,MRNA,equity,2026-03-06T12:30:00-05:00,2026-03-09T09:30:00-04:00,2026-03-27T13:30:00-04:00,True,False,False,True,True,True,False,True
T162,PFE,equity,2026-03-10T09:30:00-04:00,2026-03-10T13:30:00-04:00,2026-03-13T13:30:00-04:00,False,False,False,False,False,True,False,False
T163,MU,equity,2026-03-10T09:30:00-04:00,2026-03-10T13:30:00-04:00,2026-03-20T13:30:00-04:00,False,False,False,False,False,True,False,False
T164,BTC-USD,crypto,2026-03-13T08:00:00+00:00,2026-03-13T12:00:00+00:00,2026-03-14T08:00:00+00:00,False,False,False,False,False,True,False,False
T165,AVAX-USD,crypto,2026-03-15T20:00:00+00:00,2026-03-16T00:00:00+00:00,2026-03-18T12:00:00+00:00,False,False,False,False,False,True,False,False
T166,BTC-USD,crypto,2026-03-15T20:00:00+00:00,2026-03-16T00:00:00+00:00,2026-03-18T16:00:00+00:00,False,False,False,False,False,True,False,False
T167,INTC,equity,2026-03-16T09:30:00-04:00,2026-03-16T13:30:00-04:00,2026-03-17T09:30:00-04:00,False,False,False,False,False,True,False,False
T168,PFE,equity,2026-03-17T13:30:00-04:00,2026-03-18T09:30:00-04:00,2026-03-23T13:30:00-04:00,False,False,False,False,False,True,False,False
T169,ARM,equity,2026-03-20T13:30:00-04:00,2026-03-23T09:30:00-04:00,2026-03-27T13:30:00-04:00,False,False,False,False,False,True,False,False
T170,NIO,equity,2026-03-23T09:30:00-04:00,2026-03-23T13:30:00-04:00,2026-03-27T13:30:00-04:00,False,False,False,False,False,True,False,False
T171,LUNR,equity,2026-03-23T09:30:00-04:00,2026-03-23T13:30:00-04:00,2026-03-24T13:30:00-04:00,False,False,False,False,False,True,False,False
T172,AMAT,equity,2026-03-24T09:30:00-04:00,2026-03-24T13:30:00-04:00,2026-03-26T13:30:00-04:00,False,False,False,False,False,True,False,False
T173,LUNR,equity,2026-03-25T09:30:00-04:00,2026-03-25T13:30:00-04:00,2026-03-27T13:30:00-04:00,False,False,False,False,False,True,False,False
T174,PFE,equity,2026-03-30T09:30:00-04:00,2026-03-30T13:30:00-04:00,2026-04-07T13:30:00-04:00,False,False,False,False,False,True,False,False
T175,ARM,equity,2026-03-31T09:30:00-04:00,2026-03-31T13:30:00-04:00,2026-04-28T13:30:00-04:00,False,False,False,False,False,True,False,False
T176,NFLX,equity,2026-03-31T09:30:00-04:00,2026-03-31T13:30:00-04:00,2026-04-17T13:30:00-04:00,False,False,False,False,False,True,False,False
T177,LUNR,equity,2026-04-01T09:30:00-04:00,2026-04-01T13:30:00-04:00,2026-04-27T09:30:00-04:00,False,False,False,False,False,True,False,False
T178,ETH-USD,crypto,2026-04-01T20:00:00+00:00,2026-04-02T00:00:00+00:00,2026-04-02T04:00:00+00:00,False,False,False,False,False,True,False,False
T179,AMD,equity,2026-04-02T09:30:00-04:00,2026-04-02T13:30:00-04:00,2026-04-28T13:30:00-04:00,False,False,False,False,False,True,False,False
T180,NET,equity,2026-04-07T13:30:00-04:00,2026-04-08T09:30:00-04:00,2026-04-09T13:30:00-04:00,False,False,False,False,False,True,False,False
T181,DOGE-USD,crypto,2026-04-09T16:00:00+00:00,2026-04-09T20:00:00+00:00,2026-04-12T04:00:00+00:00,False,False,False,False,False,True,False,False
T182,BTC-USD,crypto,2026-04-13T12:00:00+00:00,2026-04-13T16:00:00+00:00,2026-04-19T20:00:00+00:00,False,False,False,False,False,True,False,False
T183,NU,equity,2026-04-17T09:30:00-04:00,2026-04-17T13:30:00-04:00,2026-04-21T13:30:00-04:00,False,False,False,False,False,True,False,False
T184,MRNA,equity,2026-04-17T13:30:00-04:00,2026-04-20T09:30:00-04:00,2026-04-24T13:30:00-04:00,False,False,False,False,False,True,False,False
T185,RKLB,equity,2026-04-21T09:30:00-04:00,2026-04-21T13:30:00-04:00,2026-04-27T09:30:00-04:00,False,False,False,False,False,True,False,False
T186,DOGE-USD,crypto,2026-04-27T08:00:00+00:00,2026-04-27T12:00:00+00:00,2026-04-29T16:00:00+00:00,False,False,False,False,False,True,False,False
T187,QCOM,equity,2026-04-28T09:30:00-04:00,2026-04-28T13:30:00-04:00,2026-05-12T13:30:00-04:00,False,False,False,False,False,True,False,False
T188,AMD,equity,2026-04-29T09:30:00-04:00,2026-04-29T13:30:00-04:00,2026-05-18T09:30:00-04:00,False,False,False,False,False,True,False,False
T189,DOGE-USD,crypto,2026-04-29T16:00:00+00:00,2026-04-29T20:00:00+00:00,2026-05-07T04:00:00+00:00,False,False,False,False,False,True,False,False
T190,RKLB,equity,2026-04-30T09:30:00-04:00,2026-04-30T13:30:00-04:00,2026-06-01T13:30:00-04:00,False,False,False,False,False,True,False,False
T191,NET,equity,2026-05-01T09:30:00-04:00,2026-05-01T13:30:00-04:00,2026-05-08T13:30:00-04:00,False,False,False,False,False,True,False,False
T192,SOL-USD,crypto,2026-05-07T00:00:00+00:00,2026-05-07T04:00:00+00:00,2026-05-12T16:00:00+00:00,False,False,False,False,False,True,False,False
T193,XRP-USD,crypto,2026-05-09T00:00:00+00:00,2026-05-09T04:00:00+00:00,2026-05-12T16:00:00+00:00,False,False,False,False,False,True,False,False
T194,MRNA,equity,2026-05-12T09:30:00-04:00,2026-05-12T13:30:00-04:00,2026-05-13T13:30:00-04:00,False,False,False,False,False,True,False,False
T195,TSLA,equity,2026-05-12T09:30:00-04:00,2026-05-12T13:30:00-04:00,2026-05-18T13:30:00-04:00,False,False,False,False,False,True,False,False
T196,LINK-USD,crypto,2026-05-13T04:00:00+00:00,2026-05-13T08:00:00+00:00,2026-05-13T16:00:00+00:00,False,False,False,False,False,True,False,False
T197,GOOGL,equity,2026-05-13T09:30:00-04:00,2026-05-13T13:30:00-04:00,2026-05-20T09:30:00-04:00,False,False,False,False,False,True,False,False
T198,DOGE-USD,crypto,2026-05-13T16:00:00+00:00,2026-05-13T20:00:00+00:00,2026-05-16T08:00:00+00:00,False,False,False,False,False,True,False,False
T199,MSFT,equity,2026-05-18T09:30:00-04:00,2026-05-18T13:30:00-04:00,2026-05-27T13:30:00-04:00,False,False,False,False,False,True,False,False
T200,AMD,equity,2026-05-19T09:30:00-04:00,2026-05-19T13:30:00-04:00,2026-06-05T13:30:00-04:00,False,False,False,False,False,True,False,False
T201,ASTS,equity,2026-05-20T09:30:00-04:00,2026-05-20T13:30:00-04:00,2026-05-29T13:30:00-04:00,False,False,False,False,False,True,False,False
T202,TSLA,equity,2026-05-21T09:30:00-04:00,2026-05-21T13:30:00-04:00,2026-06-02T09:30:00-04:00,False,False,False,False,False,True,False,False
T203,IWM,equity,2026-05-27T09:30:00-04:00,2026-05-27T13:30:00-04:00,2026-06-05T13:30:00-04:00,False,False,False,False,False,True,False,False
T204,AMAT,equity,2026-06-01T09:30:00-04:00,2026-06-01T13:30:00-04:00,2026-06-05T13:30:00-04:00,False,False,False,False,False,True,False,False
T205,ASTS,equity,2026-06-02T09:30:00-04:00,2026-06-02T13:30:00-04:00,2026-06-05T13:30:00-04:00,False,False,False,False,False,True,False,False
T206,DDOG,equity,2026-06-04T09:30:00-04:00,2026-06-04T13:30:00-04:00,2026-06-08T13:30:00-04:00,False,False,False,False,False,True,False,False
T207,MU,equity,2026-06-08T09:30:00-04:00,2026-06-08T13:30:00-04:00,2026-06-24T09:30:00-04:00,False,False,False,False,False,True,False,False
T208,ARM,equity,2026-06-08T09:30:00-04:00,2026-06-08T13:30:00-04:00,2026-06-09T13:30:00-04:00,False,False,False,False,False,True,False,False
T209,HOOD,equity,2026-06-10T09:30:00-04:00,2026-06-10T13:30:00-04:00,2026-06-25T13:30:00-04:00,False,False,False,False,False,True,False,False
T210,SMH,equity,2026-06-11T09:30:00-04:00,2026-06-11T13:30:00-04:00,2026-06-24T09:30:00-04:00,False,False,False,False,False,True,False,False
T211,INTC,equity,2026-06-11T09:30:00-04:00,2026-06-11T13:30:00-04:00,2026-07-02T13:30:00-04:00,False,False,False,False,False,True,False,False
T212,IWM,equity,2026-06-12T09:30:00-04:00,2026-06-12T13:30:00-04:00,2026-07-13T13:30:00-04:00,False,False,False,False,False,True,False,False
T213,LRCX,equity,2026-06-25T09:30:00-04:00,2026-06-25T13:30:00-04:00,2026-07-01T13:30:00-04:00,False,False,False,False,False,True,False,False
T214,SMH,equity,2026-06-25T09:30:00-04:00,2026-06-25T13:30:00-04:00,2026-07-02T13:30:00-04:00,False,False,False,False,False,True,False,False
T215,NET,equity,2026-06-26T13:30:00-04:00,2026-06-29T09:30:00-04:00,2026-08-18T13:30:00-04:00,False,False,False,False,False,True,False,False
T216,APP,equity,2026-07-02T09:30:00-04:00,2026-07-02T13:30:00-04:00,2026-07-10T13:30:00-04:00,False,False,False,False,False,True,False,False
T217,MELI,equity,2026-07-02T09:30:00-04:00,2026-07-02T13:30:00-04:00,2026-08-06T13:30:00-04:00,False,False,False,False,False,True,False,False
T218,AMD,equity,2026-07-06T09:30:00-04:00,2026-07-06T13:30:00-04:00,2026-07-08T09:30:00-04:00,False,False,False,False,False,True,False,False
T219,AMD,equity,2026-07-09T09:30:00-04:00,2026-07-09T13:30:00-04:00,2026-07-16T13:30:00-04:00,False,False,False,False,False,True,False,False
T220,NU,equity,2026-07-10T09:30:00-04:00,2026-07-10T13:30:00-04:00,2026-08-07T13:30:00-04:00,False,False,False,False,False,True,False,False
T221,ETH-USD,crypto,2026-07-15T04:00:00+00:00,2026-07-15T08:00:00+00:00,2026-07-17T04:00:00+00:00,False,False,False,False,False,True,False,False
T222,BTC-USD,crypto,2026-07-20T08:00:00+00:00,2026-07-20T12:00:00+00:00,2026-07-23T16:00:00+00:00,False,False,False,False,False,True,False,False
T223,LINK-USD,crypto,2026-07-20T12:00:00+00:00,2026-07-20T16:00:00+00:00,2026-07-24T16:00:00+00:00,False,False,False,False,False,True,False,False
T224,ETH-USD,crypto,2026-07-27T08:00:00+00:00,2026-07-27T12:00:00+00:00,2026-07-27T16:00:00+00:00,False,False,False,False,False,True,False,False
T225,ETH-USD,crypto,2026-07-27T16:00:00+00:00,2026-07-27T20:00:00+00:00,2026-07-28T00:00:00+00:00,False,False,False,False,False,True,False,False
T226,F,equity,2026-07-28T09:30:00-04:00,2026-07-28T13:30:00-04:00,2026-08-03T13:30:00-04:00,False,False,False,False,False,True,False,False
T227,CRM,equity,2026-08-03T09:30:00-04:00,2026-08-03T13:30:00-04:00,2026-09-10T09:30:00-04:00,False,False,False,False,False,True,False,False
T228,PFE,equity,2026-08-03T13:30:00-04:00,2026-08-04T09:30:00-04:00,2026-09-08T13:30:00-04:00,False,False,False,False,False,True,False,False
T229,SOL-USD,crypto,2026-08-09T20:00:00+00:00,2026-08-10T00:00:00+00:00,2026-08-11T16:00:00+00:00,False,False,False,False,False,True,False,False
T230,SMCI,equity,2026-08-10T09:30:00-04:00,2026-08-10T13:30:00-04:00,2026-08-24T13:30:00-04:00,False,False,False,False,False,True,False,False
T231,LINK-USD,crypto,2026-08-11T12:00:00+00:00,2026-08-11T16:00:00+00:00,2026-08-23T04:00:00+00:00,False,False,False,False,False,True,False,False
T232,ARKK,equity,2026-08-19T09:30:00-04:00,2026-08-19T13:30:00-04:00,2026-09-01T13:30:00-04:00,False,False,False,False,False,True,False,False
T233,COIN,equity,2026-08-24T09:30:00-04:00,2026-08-24T13:30:00-04:00,2026-09-11T09:30:00-04:00,False,False,False,False,False,True,False,False
T234,NFLX,equity,2026-08-25T09:30:00-04:00,2026-08-25T13:30:00-04:00,2026-08-27T13:30:00-04:00,False,False,False,False,False,True,False,False
T235,MSTR,equity,2026-08-28T09:30:00-04:00,2026-08-28T13:30:00-04:00,2026-09-11T09:30:00-04:00,False,False,False,False,False,True,False,False
T236,NU,equity,2026-09-02T09:30:00-04:00,2026-09-02T13:30:00-04:00,2026-09-11T13:30:00-04:00,False,False,False,False,False,True,False,False
T237,MU,equity,2026-09-09T09:30:00-04:00,2026-09-09T13:30:00-04:00,2026-09-14T13:30:00-04:00,False,False,False,False,False,True,False,False
T238,ETH-USD,crypto,2026-09-11T16:00:00+00:00,2026-09-11T20:00:00+00:00,2026-09-13T12:00:00+00:00,False,False,False,False,False,True,False,False
T239,ETH-USD,crypto,2026-09-14T00:00:00+00:00,2026-09-14T04:00:00+00:00,2026-09-15T08:00:00+00:00,False,False,False,False,False,True,False,False
