symbol,setup,entry_date,exit_bar,hold_bars,regime,market_gate,entry,stop,target,exit,reason,borrow_pct,ret_pct,r_multiple
NVDA,S1_BREAKDOWN,2025-03-03T12:30:00-05:00,244,17,RISK-OFF,BLOCK,110.72,121.0987,99.8325,121.0987,stop,0.0357,-9.45,-1.0
NVDA,S1_BREAKDOWN,2025-03-28T09:30:00-04:00,274,10,RISK-OFF,BLOCK,109.485,114.5488,99.3273,99.3273,target,0.0238,9.214,2.006
NVDA,S2_PULLBACK_SHORT,2025-04-08T09:30:00-04:00,280,2,RISK-OFF,CAUTION,98.755,102.606,91.1281,102.606,stop,0.0079,-3.947,-1.0
NVDA,S3_BULL_TRAP,2025-08-01T09:30:00-04:00,465,30,CAUTIOUS,BLOCK,173.105,184.7779,149.7738,178.295,time,0.0635,-3.102,-0.445
NVDA,S3_BULL_TRAP,2025-08-29T13:30:00-04:00,506,30,CAUTIOUS,BLOCK,170.05,186.1344,150.5712,183.61,time,0.0595,-8.074,-0.843
NVDA,S3_BULL_TRAP,2025-10-10T13:30:00-04:00,558,24,CAUTIOUS,BLOCK,187.965,197.4662,154.4876,197.4662,stop,0.0476,-5.142,-1.0
NVDA,S1_BREAKDOWN,2026-05-26T09:30:00-04:00,849,8,RISK-ON,CONFIRM,213.64,220.962,199.005,220.962,stop,0.0198,-3.487,-1.0
NVDA,S1_BREAKDOWN,2026-06-25T09:30:00-04:00,900,17,CAUTIOUS,CAUTION,195.4,203.1418,179.9015,203.1418,stop,0.0357,-4.038,-1.0
NVDA,S1_BREAKDOWN,2026-07-29T09:30:00-04:00,933,4,RISK-OFF,BLOCK,192.1101,199.6613,177.1858,199.6613,stop,0.0119,-3.983,-1.0
NVDA,S1_BREAKDOWN,2026-08-21T09:30:00-04:00,971,8,CAUTIOUS,CAUTION,215.085,220.6667,203.9066,220.6667,stop,0.0198,-2.655,-1.0
AAPL,S3_BULL_TRAP,2025-02-26T12:30:00-05:00,240,19,CAUTIOUS,CAUTION,239.41,251.7559,217.4183,217.4183,target,0.0397,9.106,1.781
AAPL,S1_BREAKDOWN,2025-03-13T09:30:00-04:00,256,14,RISK-OFF,BLOCK,211.14,219.4653,194.5344,219.4653,stop,0.0317,-4.015,-1.0
AAPL,S3_BULL_TRAP,2025-04-03T13:30:00-04:00,303,30,RISK-OFF,BLOCK,193.925,227.5824,155.2453,209.23,time,0.0595,-7.992,-0.455
AAPL,S3_BULL_TRAP,2025-05-02T09:30:00-04:00,342,30,RISK-ON,CONFIRM,204.7,217.1193,179.8584,196.62,time,0.0635,3.844,0.651
AAPL,S1_BREAKDOWN,2025-08-01T09:30:00-04:00,442,7,CAUTIOUS,BLOCK,201.9801,215.0152,175.9172,215.0152,stop,0.0159,-6.51,-1.0
AAPL,S1_BREAKDOWN,2025-10-10T09:30:00-04:00,545,12,CAUTIOUS,BLOCK,247.77,257.8424,227.7451,257.8424,stop,0.0278,-4.133,-1.0
AAPL,S1_BREAKDOWN,2025-12-18T08:30:00-05:00,636,8,RISK-OFF,CAUTION,270.2,275.3114,260.1271,275.3114,stop,0.0198,-1.952,-1.0
AAPL,S1_BREAKDOWN,2026-01-07T12:30:00-05:00,667,15,RISK-ON,CAUTION,256.375,264.1387,252.8026,252.8026,target,0.0317,1.322,0.46
AAPL,S1_BREAKDOWN,2026-01-20T12:30:00-05:00,675,7,CAUTIOUS,BLOCK,248.71,252.4083,235.2534,252.4083,stop,0.0159,-1.543,-1.0
AAPL,S3_BULL_TRAP,2026-01-28T08:30:00-05:00,685,6,RISK-ON,CAUTION,254.8,263.8804,236.6993,263.8804,stop,0.0159,-3.62,-1.0
AAPL,S1_BREAKDOWN,2026-03-06T08:30:00-05:00,734,3,RISK-OFF,BLOCK,256.77,260.9536,248.4028,260.9536,stop,0.0079,-1.677,-1.0
AAPL,S2_PULLBACK_SHORT,2026-03-12T09:30:00-04:00,769,30,RISK-OFF,BLOCK,255.0401,260.8241,243.5017,255.335,time,0.0635,-0.219,-0.051
AAPL,S1_BREAKDOWN,2026-06-08T13:30:00-04:00,890,30,CAUTIOUS,CAUTION,300.275,320.0152,264.6796,289.09,time,0.0595,3.625,0.567
AAPL,S3_BULL_TRAP,2026-07-31T09:30:00-04:00,963,30,CAUTIOUS,CAUTION,301.2,348.2687,207.0627,311.06,time,0.0635,-3.377,-0.209
MSFT,S1_BREAKDOWN,2025-03-10T09:30:00-04:00,246,10,RISK-OFF,BLOCK,380.55,390.0921,361.3157,390.0921,stop,0.0238,-2.571,-1.0
MSFT,S1_BREAKDOWN,2025-04-04T13:30:00-04:00,276,1,RISK-OFF,BLOCK,350.36,370.0002,339.2496,370.0002,stop,0.004,-5.65,-1.0
MSFT,S2_PULLBACK_SHORT,2025-04-08T09:30:00-04:00,280,2,RISK-OFF,CAUTION,358.465,370.9398,333.5153,370.9398,stop,0.0079,-3.528,-1.0
MSFT,S1_BREAKDOWN,2025-08-18T09:30:00-04:00,477,20,RISK-ON,CAUTION,516.35,525.8619,497.3562,497.3562,target,0.0437,3.595,1.997
MSFT,S1_BREAKDOWN,2025-09-05T09:30:00-04:00,496,13,RISK-ON,CAUTION,494.55,514.7341,454.1668,514.7341,stop,0.0278,-4.149,-1.0
MSFT,S1_BREAKDOWN,2025-11-06T08:30:00-05:00,578,7,CAUTIOUS,BLOCK,497.6964,509.3055,474.399,509.3055,stop,0.0159,-2.388,-1.0
MSFT,S2_PULLBACK_SHORT,2025-11-12T08:30:00-05:00,580,1,RISK-ON,CAUTION,501.91,509.1105,487.5091,509.1105,stop,0.004,-1.479,-1.0
MSFT,S1_BREAKDOWN,2025-11-18T08:30:00-05:00,617,30,CAUTIOUS,BLOCK,488.805,507.0928,452.3641,478.5215,time,0.0635,2.0,0.562
MSFT,S1_BREAKDOWN,2026-01-14T12:30:00-05:00,669,7,CAUTIOUS,BLOCK,464.12,465.4319,447.2763,447.2763,target,0.0159,3.573,12.84
MSFT,S3_BULL_TRAP,2026-01-29T08:30:00-05:00,711,30,RISK-ON,BLOCK,424.77,489.0784,296.1867,396.865,time,0.0635,6.466,0.434
MSFT,S1_BREAKDOWN,2026-02-23T08:30:00-05:00,717,4,RISK-OFF,BLOCK,386.43,398.8088,361.7023,398.8088,stop,0.0119,-3.255,-1.0
MSFT,S1_BREAKDOWN,2026-03-25T09:30:00-04:00,775,18,RISK-OFF,CAUTION,371.4,379.749,354.672,379.749,stop,0.0397,-2.328,-1.0
MSFT,S1_BREAKDOWN,2026-04-30T09:30:00-04:00,811,4,RISK-ON,CONFIRM,400.98,418.3992,366.2615,418.3992,stop,0.0119,-4.396,-1.0
MSFT,S2_PULLBACK_SHORT,2026-05-05T09:30:00-04:00,815,2,RISK-ON,CONFIRM,410.145,418.2583,393.9185,418.2583,stop,0.0079,-2.026,-1.0
MSFT,S1_BREAKDOWN,2026-06-09T09:30:00-04:00,877,16,CAUTIOUS,BLOCK,401.705,416.2602,372.5495,372.5495,target,0.0357,7.182,2.003
MSFT,S2_PULLBACK_SHORT,2026-06-23T09:30:00-04:00,891,12,CAUTIOUS,BLOCK,373.02,385.5221,348.0009,385.5221,stop,0.0278,-3.419,-1.0
META,S1_BREAKDOWN,2025-03-07T08:30:00-05:00,264,30,RISK-OFF,BLOCK,606.18,643.7526,531.7397,581.85,time,0.0635,3.91,0.648
META,S1_BREAKDOWN,2025-04-03T13:30:00-04:00,276,3,RISK-OFF,BLOCK,506.62,555.1623,484.8954,484.8954,target,0.0079,4.24,0.448
META,S2_PULLBACK_SHORT,2025-04-08T09:30:00-04:00,280,2,RISK-OFF,CAUTION,514.685,528.6678,486.8243,528.6678,stop,0.0079,-2.765,-1.0
META,S2_PULLBACK_SHORT,2025-04-14T09:30:00-04:00,287,1,RISK-OFF,CAUTION,530.1,530.9224,528.4552,530.9224,stop,0.004,-0.199,-1.0
META,S2_PULLBACK_SHORT,2025-04-15T09:30:00-04:00,291,3,RISK-OFF,CAUTION,520.38,530.0373,501.0654,501.0654,target,0.0079,3.664,2.0
META,S1_BREAKDOWN,2025-07-16T09:30:00-04:00,423,12,RISK-ON,CAUTION,701.63,718.9005,667.2991,718.9005,stop,0.0278,-2.529,-1.0
META,S1_BREAKDOWN,2025-08-19T09:30:00-04:00,489,30,CAUTIOUS,BLOCK,751.56,773.5012,708.0977,755.2412,time,0.0635,-0.593,-0.168
META,S3_BULL_TRAP,2025-09-22T13:30:00-04:00,525,19,RISK-ON,CONFIRM,769.25,796.4044,702.4912,702.4912,target,0.0397,8.599,2.458
META,S1_BREAKDOWN,2025-10-31T13:30:00-04:00,572,8,RISK-ON,CONFIRM,656.0,663.2759,618.4682,618.4682,target,0.0159,5.665,5.158
META,S2_PULLBACK_SHORT,2025-11-11T08:30:00-05:00,587,10,RISK-ON,CAUTION,623.37,642.7293,584.6814,584.6814,target,0.0238,6.143,1.998
META,S2_PULLBACK_SHORT,2025-11-19T08:30:00-05:00,591,2,RISK-OFF,CAUTION,584.11,604.2132,543.8138,604.2132,stop,0.0079,-3.49,-1.0
META,S1_BREAKDOWN,2026-01-14T08:30:00-05:00,671,10,CAUTIOUS,BLOCK,616.33,633.1999,582.4102,633.1999,stop,0.0238,-2.801,-1.0
META,S1_BREAKDOWN,2026-03-13T09:30:00-04:00,745,4,RISK-OFF,CAUTION,615.72,635.6271,575.7558,635.6271,stop,0.0119,-3.285,-1.0
META,S1_BREAKDOWN,2026-03-19T09:30:00-04:00,759,10,RISK-OFF,BLOCK,605.295,618.6337,578.4826,578.4826,target,0.0238,4.366,2.01
META,S1_BREAKDOWN,2026-03-26T13:30:00-04:00,762,2,RISK-OFF,BLOCK,539.56,559.3855,522.679,522.679,target,0.004,3.085,0.851
AMD,S3_BULL_TRAP,2025-03-27T09:30:00-04:00,276,14,RISK-OFF,CAUTION,105.68,117.4108,82.3385,82.3385,target,0.0317,22.015,1.99
AMD,S2_PULLBACK_SHORT,2025-04-11T09:30:00-04:00,285,1,RISK-OFF,CAUTION,92.06,93.859,88.477,93.859,stop,0.004,-1.998,-1.0
AMD,S1_BREAKDOWN,2025-09-05T09:30:00-04:00,489,6,RISK-ON,CAUTION,151.98,159.2434,137.4532,159.2434,stop,0.0159,-4.835,-1.0
AMD,S2_PULLBACK_SHORT,2025-09-11T09:30:00-04:00,493,2,RISK-ON,CONFIRM,156.22,159.1687,150.3315,159.1687,stop,0.0079,-1.935,-1.0
AMD,S1_BREAKDOWN,2025-11-20T08:30:00-05:00,621,30,RISK-OFF,BLOCK,212.27,239.6058,157.8083,210.8,time,0.0635,0.589,0.054
AMD,S1_BREAKDOWN,2026-02-04T08:30:00-05:00,719,30,RISK-OFF,BLOCK,200.61,223.8573,154.1754,202.42,time,0.0635,-1.006,-0.078
AMD,S3_BULL_TRAP,2026-06-05T09:30:00-04:00,869,12,CAUTIOUS,BLOCK,474.9988,557.2266,310.3968,557.2266,stop,0.0278,-17.379,-1.0
AVGO,S1_BREAKDOWN,2025-02-24T12:30:00-05:00,227,10,CAUTIOUS,BLOCK,207.0,219.2507,185.3786,185.3786,target,0.0198,10.385,1.765
AVGO,S2_PULLBACK_SHORT,2025-03-10T09:30:00-04:00,240,4,RISK-OFF,BLOCK,181.63,198.9907,146.9338,198.9907,stop,0.0119,-9.61,-1.0
AVGO,S1_BREAKDOWN,2025-04-03T09:30:00-04:00,274,2,RISK-OFF,BLOCK,157.945,166.4745,140.961,140.961,target,0.0079,10.705,1.991
AVGO,S3_BULL_TRAP,2025-07-22T13:30:00-04:00,427,7,RISK-ON,CAUTION,276.7,293.0371,249.7259,293.0371,stop,0.0159,-5.96,-1.0
AVGO,S3_BULL_TRAP,2025-08-01T09:30:00-04:00,443,8,CAUTIOUS,BLOCK,287.72,309.8962,243.5777,309.8962,stop,0.0198,-7.767,-1.0
AVGO,S3_BULL_TRAP,2025-11-20T12:30:00-05:00,596,4,RISK-OFF,BLOCK,344.93,381.923,277.2139,381.923,stop,0.0079,-10.773,-1.0
AVGO,S3_BULL_TRAP,2025-12-12T08:30:00-05:00,650,30,CAUTIOUS,BLOCK,362.8,421.0456,246.3388,343.74,time,0.0635,5.15,0.327
AVGO,S1_BREAKDOWN,2026-03-30T09:30:00-04:00,765,2,RISK-OFF,CAUTION,293.04,308.6676,261.7998,308.6676,stop,0.0079,-5.381,-1.0
AVGO,S3_BULL_TRAP,2026-05-07T13:30:00-04:00,847,29,RISK-ON,CAUTION,419.725,442.4371,352.8958,442.4371,stop,0.0595,-5.511,-1.0
AVGO,S1_BREAKDOWN,2026-06-05T09:30:00-04:00,887,30,CAUTIOUS,BLOCK,395.6,421.3357,344.1286,375.285,time,0.0635,5.032,0.789
AVGO,S1_BREAKDOWN,2026-08-25T09:30:00-04:00,971,4,CAUTIOUS,CAUTION,357.34,367.2106,337.4787,367.2106,stop,0.0119,-2.814,-1.0
AVGO,S2_PULLBACK_SHORT,2026-09-04T09:30:00-04:00,985,2,RISK-ON,CAUTION,354.735,363.4818,337.2564,363.4818,stop,0.0079,-2.514,-1.0
TSLA,S1_BREAKDOWN,2025-02-26T12:30:00-05:00,234,13,CAUTIOUS,CAUTION,291.0,307.7848,257.1004,257.1004,target,0.0278,11.582,2.02
TSLA,S1_BREAKDOWN,2025-03-10T09:30:00-04:00,256,20,RISK-OFF,BLOCK,227.1599,260.9075,159.3351,260.9075,stop,0.0437,-14.94,-1.0
TSLA,S1_BREAKDOWN,2025-06-05T09:30:00-04:00,366,8,RISK-ON,CONFIRM,302.36,330.5225,246.005,330.5225,stop,0.0198,-9.374,-1.0
TSLA,S3_BULL_TRAP,2025-10-03T09:30:00-04:00,553,30,RISK-ON,CAUTION,420.93,477.1581,308.4889,435.1736,time,0.0635,-3.487,-0.253
TSLA,S1_BREAKDOWN,2026-01-02T08:30:00-05:00,675,30,CAUTIOUS,CAUTION,441.8,463.7914,397.6971,439.7868,time,0.0635,0.352,0.092
TSLA,S1_BREAKDOWN,2026-06-10T09:30:00-04:00,867,4,CAUTIOUS,BLOCK,384.06,403.2253,345.5945,403.2253,stop,0.0119,-5.042,-1.0
TSLA,S3_BULL_TRAP,2026-07-02T09:30:00-04:00,923,30,CAUTIOUS,BLOCK,391.065,439.4955,294.099,309.4499,time,0.0635,20.766,1.685
TSLA,S2_PULLBACK_SHORT,2026-07-27T09:30:00-04:00,938,13,RISK-OFF,BLOCK,307.39,328.8798,264.4104,328.8798,stop,0.0278,-7.059,-1.0
TSLA,S3_BULL_TRAP,2026-08-12T09:30:00-04:00,952,3,RISK-ON,CONFIRM,326.295,339.94,298.9901,339.94,stop,0.0079,-4.23,-1.0
PLTR,S1_BREAKDOWN,2025-03-10T09:30:00-04:00,244,8,RISK-OFF,BLOCK,76.82,85.5347,59.4123,85.5347,stop,0.0198,-11.404,-1.0
PLTR,S1_BREAKDOWN,2025-04-04T09:30:00-04:00,278,4,RISK-OFF,BLOCK,73.9,83.2006,55.3438,83.2006,stop,0.0119,-12.637,-1.0
PLTR,S2_PULLBACK_SHORT,2025-04-08T13:30:00-04:00,280,1,RISK-OFF,BLOCK,78.125,83.6239,64.7122,83.6239,stop,0.004,-7.083,-1.0
PLTR,S3_BULL_TRAP,2025-05-06T09:30:00-04:00,326,10,CAUTIOUS,BLOCK,107.3,127.7448,66.4055,127.7448,stop,0.0238,-19.118,-1.0
PLTR,S3_BULL_TRAP,2025-06-05T09:30:00-04:00,366,8,RISK-ON,CONFIRM,123.14,137.6184,94.0332,137.6184,stop,0.0198,-11.817,-1.0
PLTR,S3_BULL_TRAP,2025-06-27T13:30:00-04:00,409,20,RISK-ON,CONFIRM,137.84,150.4716,91.2769,150.4716,stop,0.0437,-9.248,-1.0
PLTR,S3_BULL_TRAP,2025-08-01T13:30:00-04:00,439,3,CAUTIOUS,BLOCK,158.53,162.5645,137.6055,162.5645,stop,0.0079,-2.593,-1.0
PLTR,S1_BREAKDOWN,2025-08-19T09:30:00-04:00,489,30,CAUTIOUS,BLOCK,159.42,174.8393,128.6111,167.38,time,0.0635,-5.097,-0.516
PLTR,S3_BULL_TRAP,2025-10-03T09:30:00-04:00,553,30,RISK-ON,CAUTION,174.96,190.6146,143.6508,184.785,time,0.0635,-5.719,-0.628
PLTR,S3_BULL_TRAP,2025-11-04T12:30:00-05:00,593,25,CAUTIOUS,BLOCK,189.075,210.6564,150.8472,150.8472,target,0.0516,20.127,1.771
PLTR,S1_BREAKDOWN,2026-01-28T08:30:00-05:00,689,10,RISK-ON,CAUTION,159.7,167.1915,144.717,144.717,target,0.0238,9.318,2.0
PLTR,S2_PULLBACK_SHORT,2026-02-10T08:30:00-05:00,727,30,RISK-OFF,CAUTION,140.82,159.0131,104.4037,152.99,time,0.0635,-8.746,-0.669
PLTR,S3_BULL_TRAP,2026-06-03T09:30:00-04:00,883,30,RISK-ON,BLOCK,142.65,166.1306,95.7188,106.8701,time,0.0635,24.979,1.524
NFLX,S1_BREAKDOWN,2025-03-06T08:30:00-05:00,255,26,RISK-OFF,BLOCK,93.7827,98.5032,84.5183,98.5032,stop,0.0556,-5.129,-1.0
NFLX,S1_BREAKDOWN,2025-04-04T09:30:00-04:00,275,4,RISK-OFF,BLOCK,86.131,91.9328,74.7824,91.9328,stop,0.0119,-6.788,-1.0
NFLX,S2_PULLBACK_SHORT,2025-04-11T09:30:00-04:00,283,2,RISK-OFF,CAUTION,91.1845,92.4296,88.7153,92.4296,stop,0.0079,-1.413,-1.0
NFLX,S3_BULL_TRAP,2025-05-29T13:30:00-04:00,351,5,RISK-ON,CONFIRM,120.125,122.3749,110.5763,122.3749,stop,0.0119,-1.925,-1.0
NFLX,S3_BULL_TRAP,2025-07-02T09:30:00-04:00,421,30,RISK-ON,CONFIRM,127.237,135.0722,111.3415,118.1,time,0.0635,7.078,1.166
NFLX,S2_PULLBACK_SHORT,2025-07-28T09:30:00-04:00,430,6,RISK-ON,CAUTION,117.636,118.9614,115.0631,118.9614,stop,0.0159,-1.183,-1.0
NFLX,S2_PULLBACK_SHORT,2025-07-31T13:30:00-04:00,440,9,RISK-ON,CAUTION,116.301,118.8592,109.8135,118.8592,stop,0.0198,-2.26,-1.0
NFLX,S1_BREAKDOWN,2025-09-30T09:30:00-04:00,528,14,RISK-ON,CAUTION,118.572,121.7063,112.4325,121.7063,stop,0.0317,-2.715,-1.0
NFLX,S3_BULL_TRAP,2025-10-22T09:30:00-04:00,576,30,CAUTIOUS,BLOCK,111.544,126.1182,82.3971,115.044,time,0.0635,-3.241,-0.24
NFLX,S3_BULL_TRAP,2025-11-14T08:30:00-05:00,607,27,CAUTIOUS,CAUTION,111.747,117.7684,99.6743,99.6743,target,0.0595,10.704,2.005
NFLX,S1_BREAKDOWN,2025-12-08T08:30:00-05:00,639,30,RISK-ON,BLOCK,96.12,101.2022,85.9316,93.79,time,0.0635,2.321,0.458
NFLX,S1_BREAKDOWN,2026-01-02T08:30:00-05:00,666,24,CAUTIOUS,CAUTION,91.1939,94.8363,83.9158,83.9158,target,0.0516,7.889,1.998
NFLX,S1_BREAKDOWN,2026-02-03T12:30:00-05:00,686,3,CAUTIOUS,BLOCK,79.975,81.6635,76.5527,81.6635,stop,0.0079,-2.159,-1.0
NFLX,S3_BULL_TRAP,2026-04-17T09:30:00-04:00,814,30,RISK-ON,CONFIRM,96.825,110.1813,70.1124,87.435,time,0.0635,9.594,0.703
NFLX,S1_BREAKDOWN,2026-05-11T09:30:00-04:00,818,2,RISK-ON,CONFIRM,85.305,88.0595,79.811,88.0595,stop,0.0079,-3.277,-1.0
NFLX,S2_PULLBACK_SHORT,2026-05-15T09:30:00-04:00,826,2,RISK-ON,BLOCK,87.17,88.1084,85.3533,88.1084,stop,0.0079,-1.124,-1.0
NFLX,S3_BULL_TRAP,2026-05-20T13:30:00-04:00,861,30,RISK-ON,CONFIRM,88.04,92.2069,79.8861,81.26,time,0.0595,7.602,1.627
NFLX,S1_BREAKDOWN,2026-06-17T13:30:00-04:00,872,3,CAUTIOUS,BLOCK,77.05,78.4405,73.9691,73.9691,target,0.0079,3.951,2.216
NFLX,S3_BULL_TRAP,2026-09-04T09:30:00-04:00,994,16,RISK-ON,CAUTION,78.99,84.406,68.1281,75.615,time,0.0357,4.197,0.623
CRM,S1_BREAKDOWN,2025-03-07T08:30:00-05:00,261,30,RISK-OFF,BLOCK,276.84,292.1906,246.4389,269.815,time,0.0635,2.434,0.458
CRM,S1_BREAKDOWN,2025-04-04T09:30:00-04:00,275,4,RISK-OFF,BLOCK,244.44,253.5435,226.5329,253.5435,stop,0.0119,-3.776,-1.0
CRM,S1_BREAKDOWN,2025-05-23T13:30:00-04:00,370,30,CAUTIOUS,BLOCK,273.165,282.9149,253.5902,263.8,time,0.0595,3.329,0.961
CRM,S1_BREAKDOWN,2025-06-18T09:30:00-04:00,379,6,RISK-ON,CONFIRM,257.77,267.2701,238.6647,267.2701,stop,0.0159,-3.741,-1.0
CRM,S1_BREAKDOWN,2025-08-05T13:30:00-04:00,440,3,CAUTIOUS,BLOCK,249.37,252.5649,237.2352,252.5649,stop,0.0079,-1.329,-1.0
CRM,S1_BREAKDOWN,2025-08-11T09:30:00-04:00,452,8,RISK-ON,CONFIRM,235.085,243.9935,217.268,243.9935,stop,0.0198,-3.849,-1.0
CRM,S1_BREAKDOWN,2025-11-06T08:30:00-05:00,598,30,CAUTIOUS,BLOCK,238.05,253.2728,207.8444,231.375,time,0.0635,2.701,0.438
CRM,S1_BREAKDOWN,2026-01-13T08:30:00-05:00,682,26,RISK-ON,CAUTION,244.635,263.3172,207.4356,207.4356,target,0.0595,15.107,1.991
CRM,S1_BREAKDOWN,2026-02-11T08:30:00-05:00,714,20,RISK-OFF,CAUTION,183.59,196.9225,157.105,196.9225,stop,0.0437,-7.346,-1.0
CRM,S1_BREAKDOWN,2026-04-10T09:30:00-04:00,778,4,CAUTIOUS,CAUTION,165.51,173.6267,149.3517,173.6267,stop,0.0119,-4.956,-1.0
CRM,S1_BREAKDOWN,2026-06-16T09:30:00-04:00,892,26,RISK-ON,BLOCK,160.76,168.8319,144.4362,168.8319,stop,0.0556,-5.117,-1.0
ORCL,S1_BREAKDOWN,2025-03-06T08:30:00-05:00,235,6,RISK-OFF,BLOCK,152.76,159.5621,139.1859,139.1859,target,0.0159,8.83,1.996
ORCL,S1_BREAKDOWN,2025-03-27T09:30:00-04:00,263,4,RISK-OFF,CAUTION,145.175,148.7903,137.9444,137.9444,target,0.0119,4.929,2.0
ORCL,S1_BREAKDOWN,2025-04-04T09:30:00-04:00,277,6,RISK-OFF,BLOCK,129.47,136.0067,116.5766,136.0067,stop,0.0159,-5.105,-1.0
ORCL,S2_PULLBACK_SHORT,2025-04-10T09:30:00-04:00,297,18,RISK-OFF,BLOCK,131.675,136.9641,121.0968,136.9641,stop,0.0397,-4.096,-1.0
ORCL,S3_BULL_TRAP,2025-08-01T09:30:00-04:00,462,30,CAUTIOUS,BLOCK,244.175,263.3367,205.8067,237.25,time,0.0635,2.733,0.361
ORCL,S1_BREAKDOWN,2025-09-25T09:30:00-04:00,530,22,RISK-ON,BLOCK,291.425,304.4781,265.3188,304.4781,stop,0.0476,-4.567,-1.0
ORCL,S1_BREAKDOWN,2025-11-07T08:30:00-05:00,572,2,CAUTIOUS,BLOCK,234.22,244.0849,214.6103,244.0849,stop,0.0079,-4.26,-1.0
ORCL,S1_BREAKDOWN,2025-11-12T08:30:00-05:00,590,14,RISK-ON,CAUTION,228.15,239.4754,205.4992,205.4992,target,0.0317,9.856,2.0
ORCL,S3_BULL_TRAP,2025-12-12T08:30:00-05:00,647,30,CAUTIOUS,BLOCK,188.5825,229.6566,106.4117,193.63,time,0.0635,-2.78,-0.123
ORCL,S1_BREAKDOWN,2026-02-02T12:30:00-05:00,686,5,RISK-ON,CONFIRM,158.26,168.3962,143.5377,143.5377,target,0.0119,9.251,1.452
ORCL,S1_BREAKDOWN,2026-02-05T12:30:00-05:00,690,3,RISK-OFF,BLOCK,139.41,144.4984,120.4433,144.4984,stop,0.0079,-3.698,-1.0
ORCL,S1_BREAKDOWN,2026-06-22T09:30:00-04:00,882,10,RISK-ON,CAUTION,175.0,188.6675,147.6349,147.6349,target,0.0238,15.573,2.002
ORCL,S1_BREAKDOWN,2026-07-01T09:30:00-04:00,901,15,RISK-ON,BLOCK,144.3,150.4784,132.0522,132.0522,target,0.0317,8.416,1.982
ORCL,S1_BREAKDOWN,2026-07-14T09:30:00-04:00,918,16,RISK-ON,CONFIRM,129.64,135.1812,118.5726,118.5726,target,0.0357,8.461,1.997
ORCL,S1_BREAKDOWN,2026-07-24T13:30:00-04:00,920,1,RISK-OFF,BLOCK,118.0,121.0436,102.8829,121.0436,stop,0.004,-2.623,-1.0
JPM,S1_BREAKDOWN,2025-02-25T08:30:00-05:00,223,8,CAUTIOUS,BLOCK,255.95,265.045,237.715,265.045,stop,0.0198,-3.613,-1.0
JPM,S1_BREAKDOWN,2025-03-06T08:30:00-05:00,233,4,RISK-OFF,BLOCK,244.95,251.9046,231.2208,231.2208,target,0.0119,5.553,1.974
JPM,S1_BREAKDOWN,2025-03-11T09:30:00-04:00,245,10,RISK-OFF,BLOCK,226.85,236.0334,208.5132,236.0334,stop,0.0238,-4.112,-1.0
JPM,S1_BREAKDOWN,2025-04-03T09:30:00-04:00,271,2,RISK-OFF,BLOCK,230.78,237.6176,216.9547,216.9547,target,0.0079,5.943,2.022
JPM,S2_PULLBACK_SHORT,2025-04-08T09:30:00-04:00,276,1,RISK-OFF,CAUTION,218.775,221.3115,213.5669,221.3115,stop,0.004,-1.203,-1.0
JPM,S3_BULL_TRAP,2025-07-08T09:30:00-04:00,420,24,RISK-ON,CONFIRM,281.98,297.9274,250.0853,297.9274,stop,0.0516,-5.747,-1.0
JPM,S1_BREAKDOWN,2025-10-02T09:30:00-04:00,534,16,RISK-ON,CAUTION,306.9994,312.4103,296.0113,296.0113,target,0.0357,3.503,2.031
JPM,S1_BREAKDOWN,2025-10-22T09:30:00-04:00,550,4,CAUTIOUS,BLOCK,291.43,300.4818,273.4647,300.4818,stop,0.0119,-3.158,-1.0
JPM,S3_BULL_TRAP,2025-12-09T12:30:00-05:00,619,7,RISK-ON,CAUTION,300.5,321.2126,259.1948,321.2126,stop,0.0159,-6.949,-1.0
JPM,S1_BREAKDOWN,2026-01-13T08:30:00-05:00,686,30,RISK-ON,CAUTION,313.58,329.1897,282.3906,308.835,time,0.0675,1.406,0.304
JPM,S3_BULL_TRAP,2026-07-29T13:30:00-04:00,932,7,RISK-OFF,BLOCK,347.54,361.804,310.612,361.804,stop,0.0159,-4.16,-1.0
JPM,S1_BREAKDOWN,2026-08-21T09:30:00-04:00,972,14,CAUTIOUS,CAUTION,350.6199,358.8039,333.9222,358.8039,stop,0.0317,-2.406,-1.0
XOM,S1_BREAKDOWN,2025-04-03T09:30:00-04:00,271,2,RISK-OFF,BLOCK,113.585,116.2569,108.2261,108.2261,target,0.0079,4.67,2.006
XOM,S1_BREAKDOWN,2025-04-04T13:30:00-04:00,289,17,RISK-OFF,BLOCK,100.1,107.6678,97.6544,107.6678,stop,0.0357,-7.636,-1.0
XOM,S1_BREAKDOWN,2025-05-30T09:30:00-04:00,349,2,CAUTIOUS,BLOCK,101.705,102.9599,99.1608,102.9599,stop,0.0079,-1.282,-1.0
XOM,S2_PULLBACK_SHORT,2025-06-04T09:30:00-04:00,355,2,RISK-ON,CONFIRM,102.53,103.0131,101.5637,103.0131,stop,0.0079,-0.519,-1.0
XOM,S3_BULL_TRAP,2025-06-24T09:30:00-04:00,409,30,RISK-ON,CONFIRM,108.615,117.8366,90.1867,112.23,time,0.0635,-3.432,-0.392
XOM,S1_BREAKDOWN,2025-07-18T09:30:00-04:00,426,14,RISK-ON,CAUTION,108.15,112.4268,99.5664,112.4268,stop,0.0317,-4.026,-1.0
XOM,S1_BREAKDOWN,2025-08-04T13:30:00-04:00,438,3,RISK-ON,CONFIRM,107.22,108.4347,105.1506,108.4347,stop,0.0079,-1.181,-1.0
XOM,S2_PULLBACK_SHORT,2025-08-06T13:30:00-04:00,458,19,RISK-ON,CONFIRM,107.14,108.4902,102.6695,108.4902,stop,0.0397,-1.34,-1.0
XOM,S3_BULL_TRAP,2025-10-30T13:30:00-04:00,573,14,RISK-ON,BLOCK,113.975,117.6657,108.7086,117.6657,stop,0.0278,-3.306,-1.0
XOM,S3_BULL_TRAP,2026-01-07T08:30:00-05:00,656,8,RISK-ON,CONFIRM,118.755,126.7228,102.8194,126.7228,stop,0.0198,-6.769,-1.0
XOM,S3_BULL_TRAP,2026-07-09T09:30:00-04:00,901,5,RISK-ON,CONFIRM,137.815,145.1081,123.2287,145.1081,stop,0.0119,-5.344,-1.0
XOM,S3_BULL_TRAP,2026-09-16T13:30:00-04:00,994,1,CAUTIOUS,BLOCK,161.83,171.0132,147.9636,162.83,time,0.004,-0.662,-0.109
LLY,S1_BREAKDOWN,2025-03-07T08:30:00-05:00,261,30,RISK-OFF,BLOCK,862.77,918.0763,752.1575,822.37,time,0.0635,4.579,0.73
LLY,S1_BREAKDOWN,2025-04-04T09:30:00-04:00,289,18,RISK-OFF,BLOCK,743.57,777.737,675.8361,777.737,stop,0.0397,-4.675,-1.0
LLY,S3_BULL_TRAP,2025-05-01T09:30:00-04:00,337,30,CAUTIOUS,CAUTION,810.4233,915.6271,599.2558,718.15,time,0.0635,11.282,0.877
LLY,S2_PULLBACK_SHORT,2025-05-22T13:30:00-04:00,347,9,RISK-ON,CONFIRM,710.0,733.6711,678.0779,733.6711,stop,0.0198,-3.394,-1.0
LLY,S1_BREAKDOWN,2025-07-31T13:30:00-04:00,434,3,RISK-ON,CAUTION,746.82,771.1145,677.5911,771.1145,stop,0.0079,-3.301,-1.0
LLY,S1_BREAKDOWN,2025-08-07T09:30:00-04:00,452,12,RISK-ON,CAUTION,639.0,689.0675,538.475,689.0675,stop,0.0278,-7.903,-1.0
LLY,S3_BULL_TRAP,2025-10-13T13:30:00-04:00,562,29,RISK-ON,CONFIRM,822.09,870.9826,715.5146,870.9826,stop,0.0595,-6.047,-1.0
LLY,S3_BULL_TRAP,2026-01-09T12:30:00-05:00,683,30,RISK-ON,CONFIRM,1058.0,1144.6899,901.3301,1002.88,time,0.0635,5.106,0.636
LLY,S3_BULL_TRAP,2026-02-05T08:30:00-05:00,716,30,RISK-OFF,BLOCK,1028.485,1130.0128,825.7354,1032.16,time,0.0635,-0.461,-0.036
LLY,S1_BREAKDOWN,2026-03-18T09:30:00-04:00,762,20,RISK-OFF,BLOCK,913.895,939.1633,862.9835,939.1633,stop,0.0437,-2.849,-1.0
LLY,S3_BULL_TRAP,2026-04-06T09:30:00-04:00,796,30,RISK-OFF,CAUTION,924.345,985.943,801.104,880.83,time,0.0635,4.604,0.706
LLY,S1_BREAKDOWN,2026-04-28T09:30:00-04:00,802,4,RISK-ON,BLOCK,865.15,887.0235,821.4032,887.0235,stop,0.0119,-2.58,-1.0
LLY,S1_BREAKDOWN,2026-08-03T09:30:00-04:00,934,4,CAUTIOUS,CAUTION,1114.745,1174.2112,995.7977,1174.2112,stop,0.0119,-5.386,-1.0
LLY,S3_BULL_TRAP,2026-08-14T09:30:00-04:00,954,6,RISK-ON,CAUTION,1183.5649,1253.1273,1044.0803,1253.1273,stop,0.0159,-5.933,-1.0
COST,S1_BREAKDOWN,2025-03-07T08:30:00-05:00,261,30,RISK-OFF,BLOCK,946.57,1007.0976,825.4847,929.07,time,0.0635,1.745,0.289
COST,S3_BULL_TRAP,2025-04-04T09:30:00-04:00,279,8,RISK-OFF,BLOCK,926.16,990.4898,798.9404,990.4898,stop,0.0198,-7.006,-1.0
COST,S1_BREAKDOWN,2025-06-13T09:30:00-04:00,397,30,RISK-ON,BLOCK,990.695,1009.3773,952.2953,985.98,time,0.0635,0.372,0.252
COST,S1_BREAKDOWN,2025-07-16T09:30:00-04:00,438,30,RISK-ON,CAUTION,955.135,974.1585,916.683,965.6433,time,0.0635,-1.204,-0.552
COST,S3_BULL_TRAP,2025-08-21T09:30:00-04:00,490,30,CAUTIOUS,BLOCK,969.93,1004.6309,900.7832,963.22,time,0.0635,0.588,0.193
COST,S3_BULL_TRAP,2025-10-16T09:30:00-04:00,568,30,RISK-ON,CAUTION,926.8,969.5936,841.1977,918.9892,time,0.0635,0.739,0.183
COST,S1_BREAKDOWN,2025-11-19T08:30:00-05:00,588,2,RISK-OFF,CAUTION,880.14,900.0656,840.9939,900.0656,stop,0.0079,-2.312,-1.0
COST,S2_PULLBACK_SHORT,2025-11-20T12:30:00-05:00,590,1,RISK-OFF,BLOCK,894.515,900.1536,879.3826,900.1536,stop,0.004,-0.674,-1.0
COST,S2_PULLBACK_SHORT,2025-11-24T08:30:00-05:00,596,4,CAUTIOUS,CAUTION,888.44,900.301,864.4629,900.301,stop,0.0119,-1.387,-1.0
COST,S1_BREAKDOWN,2025-12-10T08:30:00-05:00,643,30,RISK-ON,CAUTION,877.68,894.7119,843.6763,854.75,time,0.0635,2.509,1.346
COST,S3_BULL_TRAP,2026-02-10T12:30:00-05:00,698,5,RISK-OFF,CAUTION,971.1,1016.4876,881.4347,1016.4876,stop,0.0119,-4.726,-1.0
COST,S1_BREAKDOWN,2026-03-23T09:30:00-04:00,758,10,RISK-OFF,CAUTION,967.28,992.6791,916.8418,992.6791,stop,0.0238,-2.69,-1.0
COST,S3_BULL_TRAP,2026-04-10T09:30:00-04:00,804,30,CAUTIOUS,CAUTION,997.355,1042.441,907.843,1015.285,time,0.0635,-1.901,-0.398
COST,S1_BREAKDOWN,2026-05-28T13:30:00-04:00,842,1,RISK-ON,CONFIRM,985.482,1008.4681,968.7838,968.7838,target,0.004,1.65,0.726
COST,S1_BREAKDOWN,2026-06-01T09:30:00-04:00,848,4,RISK-ON,CONFIRM,941.245,967.9633,887.9433,967.9633,stop,0.0119,-2.891,-1.0
COST,S3_BULL_TRAP,2026-08-20T13:30:00-04:00,987,30,CAUTIOUS,BLOCK,939.64,984.9175,830.5451,904.77,time,0.0595,3.611,0.77
COST,S2_PULLBACK_SHORT,2026-09-15T13:30:00-04:00,994,3,CAUTIOUS,BLOCK,900.565,913.8663,875.5376,891.82,time,0.0079,0.923,0.657
GOOGL,S1_BREAKDOWN,2025-02-26T08:30:00-05:00,221,4,CAUTIOUS,CAUTION,174.305,177.5292,167.8265,167.8265,target,0.0119,3.665,2.009
GOOGL,S2_PULLBACK_SHORT,2025-03-03T12:30:00-05:00,226,2,RISK-OFF,BLOCK,166.31,173.2465,154.537,173.2465,stop,0.004,-4.215,-1.0
GOOGL,S1_BREAKDOWN,2025-03-10T09:30:00-04:00,255,22,RISK-OFF,BLOCK,165.24,170.3654,154.9893,170.3654,stop,0.0476,-3.189,-1.0
GOOGL,S3_BULL_TRAP,2025-03-26T13:30:00-04:00,263,5,RISK-OFF,BLOCK,164.64,172.0913,150.9674,150.9674,target,0.0119,8.253,1.835
GOOGL,S1_BREAKDOWN,2025-04-04T09:30:00-04:00,273,2,RISK-OFF,BLOCK,147.73,152.6997,137.8206,152.6997,stop,0.0079,-3.412,-1.0
GOOGL,S2_PULLBACK_SHORT,2025-04-08T13:30:00-04:00,277,1,RISK-OFF,BLOCK,144.415,151.2734,131.5532,151.2734,stop,0.004,-4.793,-1.0
GOOGL,S1_BREAKDOWN,2025-06-23T09:30:00-04:00,381,4,RISK-ON,CONFIRM,162.59,168.8701,149.9998,168.8701,stop,0.0119,-3.914,-1.0
GOOGL,S3_BULL_TRAP,2025-11-13T12:30:00-05:00,586,7,CAUTIOUS,BLOCK,271.41,294.651,246.5579,294.651,stop,0.0159,-8.619,-1.0
GOOGL,S1_BREAKDOWN,2025-12-12T08:30:00-05:00,642,25,CAUTIOUS,BLOCK,308.26,317.921,288.893,317.921,stop,0.0556,-3.23,-1.0
GOOGL,S3_BULL_TRAP,2026-02-04T08:30:00-05:00,714,30,RISK-OFF,BLOCK,331.1,352.3014,288.7873,305.5,time,0.0635,7.628,1.207
GOOGL,S1_BREAKDOWN,2026-03-26T13:30:00-04:00,760,5,RISK-OFF,BLOCK,277.275,285.7851,271.2797,285.7851,stop,0.0119,-3.121,-1.0
GOOGL,S3_BULL_TRAP,2026-05-19T13:30:00-04:00,859,30,RISK-ON,BLOCK,387.695,412.1048,338.8905,356.285,time,0.0595,8.002,1.287
AMZN,S1_BREAKDOWN,2025-03-07T08:30:00-05:00,255,24,RISK-OFF,BLOCK,193.91,204.8935,171.973,204.8935,stop,0.0516,-5.756,-1.0
AMZN,S3_BULL_TRAP,2025-08-01T09:30:00-04:00,462,30,CAUTIOUS,BLOCK,214.3393,238.3647,166.2906,227.56,time,0.0635,-6.272,-0.55
AMZN,S1_BREAKDOWN,2025-10-17T09:30:00-04:00,543,3,CAUTIOUS,CAUTION,212.335,216.4654,204.1685,216.4654,stop,0.0079,-1.993,-1.0
AMZN,S1_BREAKDOWN,2025-11-18T08:30:00-05:00,598,14,CAUTIOUS,BLOCK,222.8,232.7034,203.0364,232.7034,stop,0.0317,-4.517,-1.0
AMZN,S3_BULL_TRAP,2026-01-14T08:30:00-05:00,688,30,CAUTIOUS,BLOCK,237.49,250.805,210.86,210.86,target,0.0675,11.106,2.0
AMZN,S1_BREAKDOWN,2026-02-12T08:30:00-05:00,702,6,RISK-OFF,BLOCK,199.4925,206.7141,185.0717,206.7141,stop,0.0159,-3.676,-1.0
AMZN,S1_BREAKDOWN,2026-06-03T09:30:00-04:00,878,30,RISK-ON,BLOCK,248.04,259.5192,225.2016,228.24,time,0.0635,7.879,1.725
AMZN,S3_BULL_TRAP,2026-07-17T13:30:00-04:00,928,19,RISK-OFF,BLOCK,248.75,260.538,220.7039,260.538,stop,0.0397,-4.819,-1.0
AMZN,S1_BREAKDOWN,2026-08-17T09:30:00-04:00,980,30,RISK-ON,CAUTION,258.655,268.1898,239.5704,256.9101,time,0.0635,0.571,0.183
AMZN,S1_BREAKDOWN,2026-09-15T09:30:00-04:00,994,4,CAUTIOUS,BLOCK,248.44,255.1499,234.99,251.265,time,0.0119,-1.189,-0.421
WMT,S1_BREAKDOWN,2025-03-07T08:30:00-05:00,261,30,RISK-OFF,BLOCK,90.92,94.832,83.126,84.86,time,0.0635,6.562,1.549
WMT,S3_BULL_TRAP,2025-04-03T13:30:00-04:00,273,3,RISK-OFF,BLOCK,85.64,90.8516,79.9568,79.9568,target,0.0079,6.588,1.09
WMT,S2_PULLBACK_SHORT,2025-04-08T09:30:00-04:00,277,2,RISK-OFF,CAUTION,83.195,85.9783,77.6435,85.9783,stop,0.0079,-3.393,-1.0
WMT,S3_BULL_TRAP,2025-06-26T09:30:00-04:00,413,30,RISK-ON,CONFIRM,96.195,99.6484,89.2882,95.05,time,0.0635,1.087,0.332
WMT,S1_BREAKDOWN,2025-08-21T09:30:00-04:00,478,18,CAUTIOUS,BLOCK,97.58,100.1149,92.5252,100.1149,stop,0.0397,-2.677,-1.0
WMT,S1_BREAKDOWN,2025-10-31T09:30:00-04:00,570,10,RISK-ON,CAUTION,100.205,102.7385,95.1229,102.7385,stop,0.0238,-2.592,-1.0
WMT,S2_PULLBACK_SHORT,2025-11-10T08:30:00-05:00,574,2,RISK-ON,CONFIRM,101.725,102.6934,99.7881,102.6934,stop,0.0079,-1.0,-1.0
WMT,S3_BULL_TRAP,2025-11-13T08:30:00-05:00,580,2,CAUTIOUS,BLOCK,102.71,104.4939,99.1122,99.1122,target,0.0079,3.455,2.017
WMT,S3_BULL_TRAP,2026-02-18T08:30:00-05:00,732,30,RISK-OFF,CAUTION,126.91,135.8812,108.9676,123.88,time,0.0635,2.284,0.338
WMT,S3_BULL_TRAP,2026-05-20T13:30:00-04:00,832,1,RISK-ON,CONFIRM,124.408,136.0678,120.5344,120.5344,target,0.004,3.07,0.332
WMT,S1_BREAKDOWN,2026-05-22T09:30:00-04:00,846,12,RISK-ON,CONFIRM,119.9,123.1401,113.3899,113.3899,target,0.0278,5.362,2.009
WMT,S3_BULL_TRAP,2026-08-20T09:30:00-04:00,986,30,CAUTIOUS,BLOCK,103.925,117.9888,75.79,106.44,time,0.0635,-2.524,-0.179
