symbol,theme,sector,entry_time,exit_time,signal_time,entry,stop,exit,net_r,entry_ym
HOOD,Fintech,XLF,2024-04-02 13:30:00-04:00,2024-04-15 09:30:00-04:00,2024-04-02 09:30:00-04:00,19.03499984741211,18.10204579594491,18.09000015258789,-1.063918628020071,2024-04
QQQ,Tech index (QQQ),XLK,2024-04-03 13:30:00-04:00,2024-04-05 09:30:00-04:00,2024-04-03 09:30:00-04:00,443.32000732421875,438.0357797376055,436.8399963378906,-1.4360303147923497,2024-04
RKLB,Space,XLI,2024-05-09 13:30:00-04:00,2024-05-10 13:30:00-04:00,2024-05-09 09:30:00-04:00,4.235000133514404,4.0359633619769415,4.014999866485596,-1.1585184264265123,2024-05
RKLB,Space,XLI,2024-05-13 13:30:00-04:00,2024-06-14 13:30:00-04:00,2024-05-13 09:30:00-04:00,4.235000133514404,4.00670687452103,4.454745583433938,0.9161810143146527,2024-05
NIO,EV/consumer,XLY,2024-05-13 13:30:00-04:00,2024-05-23 13:30:00-04:00,2024-05-13 09:30:00-04:00,5.400000095367432,5.053192344051831,5.317871910504346,-0.2757383153598577,2024-05
QQQ,Tech index (QQQ),XLK,2024-05-14 13:30:00-04:00,2024-05-31 09:30:00-04:00,2024-05-14 09:30:00-04:00,443.8299865722656,439.0132515813136,451.0094965043847,1.2601762349580101,2024-05
HOOD,Fintech,XLF,2024-05-16 13:30:00-04:00,2024-06-20 09:30:00-04:00,2024-05-16 09:30:00-04:00,18.150699615478516,17.070693426439583,20.79822131454321,2.4093796650754125,2024-05
AMD,AI infra/semis,SOXX,2024-05-22 13:30:00-04:00,2024-05-24 09:30:00-04:00,2024-05-22 09:30:00-04:00,166.04010009765625,160.842459885393,167.2210825495492,0.1473519078603795,2024-05
SMCI,AI infra/semis,SOXX,2024-05-23 13:30:00-04:00,2024-05-24 09:30:00-04:00,2024-05-23 09:30:00-04:00,88.4010009765625,82.16592412501484,85.80000305175781,-0.4526007448561956,2024-05
SMCI,AI infra/semis,SOXX,2024-05-24 13:30:00-04:00,2024-05-29 13:30:00-04:00,2024-05-24 09:30:00-04:00,88.89099884033203,82.27925046291962,84.39994049072266,-0.7128652782389773,2024-05
AMD,AI infra/semis,SOXX,2024-05-24 13:30:00-04:00,2024-06-04 13:30:00-04:00,2024-05-24 09:30:00-04:00,166.1199951171875,159.7265899662627,160.47999572753906,-0.9471164793248743,2024-05
ANET,AI infra/semis,XLK,2024-05-29 13:30:00-04:00,2024-05-31 13:30:00-04:00,2024-05-29 09:30:00-04:00,77.3062515258789,74.88974763667662,74.12750244140625,-1.3954104226169848,2024-05
AMD,AI infra/semis,SOXX,2024-06-05 13:30:00-04:00,2024-06-10 13:30:00-04:00,2024-06-05 09:30:00-04:00,164.24319458007812,156.715980940002,161.08999633789062,-0.4734562348095719,2024-06
PLTR,AI software,XLK,2024-06-07 13:30:00-04:00,2024-06-21 13:30:00-04:00,2024-06-07 09:30:00-04:00,23.280000686645508,22.47417214752906,24.08555187621598,0.927432017576957,2024-06
ANET,AI infra/semis,XLK,2024-06-11 13:30:00-04:00,2024-07-17 13:30:00-04:00,2024-06-11 09:30:00-04:00,75.61750030517578,73.38869633665368,81.64169969564885,2.6180658874092773,2024-06
QQQ,Tech index (QQQ),XLK,2024-06-20 13:30:00-04:00,2024-06-25 09:30:00-04:00,2024-06-20 09:30:00-04:00,480.8500061035156,475.391132530644,476.0299987792969,-1.1031822333100092,2024-06
SMCI,AI infra/semis,SOXX,2024-06-20 13:30:00-04:00,2024-06-24 13:30:00-04:00,2024-06-20 09:30:00-04:00,90.9520034790039,84.68169120396824,83.04499816894531,-1.2972855197566435,2024-06
RKLB,Space,XLI,2024-06-20 13:30:00-04:00,2024-07-01 13:30:00-04:00,2024-06-20 09:30:00-04:00,4.840000152587891,4.56487119863866,4.554999828338623,-1.0798584458892007,2024-06
PLTR,AI software,XLK,2024-06-24 13:30:00-04:00,2024-07-24 13:30:00-04:00,2024-06-24 09:30:00-04:00,24.079999923706055,23.027351598575038,26.300048046221782,2.051823074375423,2024-06
QQQ,Tech index (QQQ),XLK,2024-06-25 13:30:00-04:00,2024-07-11 13:30:00-04:00,2024-06-25 09:30:00-04:00,477.69000244140625,472.25804802820005,489.0846309857573,1.8778514623481135,2024-06
HOOD,Fintech,XLF,2024-06-26 13:30:00-04:00,2024-07-19 09:30:00-04:00,2024-06-26 09:30:00-04:00,22.389999389648438,21.22438279685813,23.445411735790056,0.8574323271042307,2024-06
SMCI,AI infra/semis,SOXX,2024-06-27 13:30:00-04:00,2024-06-28 13:30:00-04:00,2024-06-27 09:30:00-04:00,88.05999755859375,82.17481583228124,84.06950378417969,-0.7154653779822733,2024-06
RKLB,Space,XLI,2024-07-08 13:30:00-04:00,2024-07-19 09:30:00-04:00,2024-07-08 09:30:00-04:00,4.941199779510498,4.705864343257718,5.260023889798606,1.3022735365282732,2024-07
SMCI,AI infra/semis,SOXX,2024-07-09 13:30:00-04:00,2024-07-17 13:30:00-04:00,2024-07-09 09:30:00-04:00,89.40449523925781,83.55119523549155,82.29055786132812,-1.2535575848336156,2024-07
AMD,AI infra/semis,SOXX,2024-07-11 13:30:00-04:00,2024-07-17 13:30:00-04:00,2024-07-11 09:30:00-04:00,179.39999389648438,172.18249980644967,162.86000061035156,-2.353793859607072,2024-07
QQQ,Tech index (QQQ),XLK,2024-07-12 09:30:00-04:00,2024-07-17 13:30:00-04:00,2024-07-11 13:30:00-04:00,492.5,486.30764631123407,491.5349079523413,-0.3546861432742858,2024-07
ONDS,Drones/IoT,XLK,2024-07-15 09:30:00-04:00,2024-07-30 13:30:00-04:00,2024-07-12 13:30:00-04:00,0.8608999848365784,0.752754382262445,0.9655304206942078,0.947594571173521,2024-07
BBAI,AI software,XLK,2024-07-17 09:30:00-04:00,2024-07-17 13:30:00-04:00,2024-07-16 13:30:00-04:00,1.6100000143051147,1.5676586913160195,1.5099999904632568,-2.4568203479237485,2024-07
SOFI,Fintech,XLF,2024-07-19 09:30:00-04:00,2024-07-25 09:30:00-04:00,2024-07-18 13:30:00-04:00,7.489999771118164,7.207480307761532,7.0,-1.8006715873723096,2024-07
HOOD,Fintech,XLF,2024-07-22 13:30:00-04:00,2024-07-24 13:30:00-04:00,2024-07-22 09:30:00-04:00,23.360000610351562,22.193969646175663,22.06999969482422,-1.156402324192321,2024-07
SOFI,Fintech,XLF,2024-07-25 13:30:00-04:00,2024-08-02 13:30:00-04:00,2024-07-25 09:30:00-04:00,7.369999885559082,7.031986692941379,7.295609010990335,-0.27459246061919507,2024-07
ONDS,Drones/IoT,XLK,2024-07-31 13:30:00-04:00,2024-08-07 13:30:00-04:00,2024-07-31 09:30:00-04:00,1.0499000549316406,0.9181957210744959,0.9125999808311462,-1.0624162481213049,2024-07
PLTR,AI software,XLK,2024-08-12 13:30:00-04:00,2024-08-28 13:30:00-04:00,2024-08-12 09:30:00-04:00,29.700000762939453,27.79483991608093,31.258506736854248,0.7790712130447575,2024-08
RKLB,Space,XLI,2024-08-12 13:30:00-04:00,2024-08-28 09:30:00-04:00,2024-08-12 09:30:00-04:00,5.409999847412109,5.036321039712399,5.963985922789593,1.4463251986001562,2024-08
QQQ,Tech index (QQQ),XLK,2024-08-20 13:30:00-04:00,2024-08-30 09:30:00-04:00,2024-08-20 09:30:00-04:00,479.6499938964844,470.80603235564774,475.2500915527344,-0.6330904202418715,2024-08
BBAI,AI software,XLK,2024-08-22 13:30:00-04:00,2024-09-03 13:30:00-04:00,2024-08-22 09:30:00-04:00,1.6449999809265137,1.4882728669177379,1.4667999744415283,-1.163248028845176,2024-08
SOFI,Fintech,XLF,2024-08-28 13:30:00-04:00,2024-09-04 09:30:00-04:00,2024-08-28 09:30:00-04:00,7.514999866485596,7.216512285803665,7.67149156786673,0.4613398031513361,2024-08
PLTR,AI software,XLK,2024-08-29 13:30:00-04:00,2024-09-05 13:30:00-04:00,2024-08-29 09:30:00-04:00,31.409500122070312,30.228356495686118,30.145000457763672,-1.137053432462892,2024-08
SOFI,Fintech,XLF,2024-09-04 13:30:00-04:00,2024-09-06 09:30:00-04:00,2024-09-04 09:30:00-04:00,7.580100059509277,7.183891747352678,7.329999923706055,-0.6790629517274119,2024-09
PLTR,AI software,XLK,2024-09-11 13:30:00-04:00,2024-10-31 13:30:00-04:00,2024-09-11 09:30:00-04:00,34.52000045776367,32.99201906321348,39.02028695346315,2.8887697915029062,2024-09
NIO,EV/consumer,XLY,2024-09-12 13:30:00-04:00,2024-10-08 13:30:00-04:00,2024-09-12 09:30:00-04:00,5.175000190734863,4.8529317596457915,5.955112363305189,2.382023812452819,2024-09
SOFI,Fintech,XLF,2024-09-13 13:30:00-04:00,2024-09-24 13:30:00-04:00,2024-09-13 09:30:00-04:00,7.659999847412109,7.300010316435959,7.909742995855234,0.6405551522548901,2024-09
HOOD,Fintech,XLF,2024-09-19 09:30:00-04:00,2024-10-31 13:30:00-04:00,2024-09-18 13:30:00-04:00,23.93600082397461,21.9974977598157,24.59501888847573,0.30909317272663767,2024-09
ANET,AI infra/semis,XLK,2024-09-23 13:30:00-04:00,2024-10-15 13:30:00-04:00,2024-09-23 09:30:00-04:00,96.38749694824219,93.63024141810973,98.79688515648154,0.786441242812405,2024-09
AMD,AI infra/semis,SOXX,2024-09-25 13:30:00-04:00,2024-10-01 13:30:00-04:00,2024-09-25 09:30:00-04:00,161.55999755859375,156.38440995558352,163.38372608592607,0.27433185221520257,2024-09
SOFI,Fintech,XLF,2024-09-27 13:30:00-04:00,2024-10-01 13:30:00-04:00,2024-09-27 09:30:00-04:00,7.934999942779541,7.616752943332664,7.632900238037109,-1.011595412239291,2024-09
QQQ,Tech index (QQQ),XLK,2024-10-01 09:30:00-04:00,2024-10-01 13:30:00-04:00,2024-09-30 13:30:00-04:00,487.8299865722656,481.4485601295683,478.2099914550781,-1.6986123997437266,2024-10
RKLB,Space,XLI,2024-10-01 13:30:00-04:00,2024-11-15 09:30:00-05:00,2024-10-01 09:30:00-04:00,9.239999771118164,8.600587212552393,13.537941400534734,6.685576585448086,2024-10
QQQ,Tech index (QQQ),XLK,2024-10-02 13:30:00-04:00,2024-10-31 13:30:00-04:00,2024-10-02 09:30:00-04:00,482.1499938964844,474.7180138586456,488.68132267008264,0.7166264927705356,2024-10
AMD,AI infra/semis,SOXX,2024-10-02 13:30:00-04:00,2024-10-15 13:30:00-04:00,2024-10-02 09:30:00-04:00,160.39999389648438,155.01333690920504,162.17950645261982,0.25591244711694255,2024-10
SOFI,Fintech,XLF,2024-10-08 13:30:00-04:00,2024-10-29 13:30:00-04:00,2024-10-08 09:30:00-04:00,8.37440013885498,8.040146193332115,9.6794026153441,3.8415895858262714,2024-10
ONDS,Drones/IoT,XLK,2024-10-10 09:30:00-04:00,2024-10-23 13:30:00-04:00,2024-10-09 13:30:00-04:00,0.8849999904632568,0.8157671840250696,0.9275052347938083,0.581989181535891,2024-10
BBAI,AI software,XLK,2024-10-15 13:30:00-04:00,2024-10-23 13:30:00-04:00,2024-10-15 09:30:00-04:00,1.7598999738693237,1.6328628591077579,1.6015000343322754,-1.2815128065312096,2024-10
ANET,AI infra/semis,XLK,2024-10-16 13:30:00-04:00,2024-10-31 13:30:00-04:00,2024-10-16 09:30:00-04:00,100.6500015258789,97.52347565334829,96.53250122070312,-1.3974377590722105,2024-10
BBAI,AI software,XLK,2024-10-29 13:30:00-04:00,2024-10-31 13:30:00-04:00,2024-10-29 09:30:00-04:00,1.774999976158142,1.667415802845957,1.600000023841858,-1.667879640028392,2024-10
SOFI,Fintech,XLF,2024-10-30 09:30:00-04:00,2024-12-10 13:30:00-05:00,2024-10-29 13:30:00-04:00,10.460100173950195,9.899624617124548,13.22868376889166,4.89304718307226,2024-10
BBAI,AI software,XLK,2024-11-08 09:30:00-05:00,2024-11-15 13:30:00-05:00,2024-11-07 13:30:00-05:00,1.7300000190734863,1.6093032798856812,1.7946311340272216,0.49964991027814587,2024-11
QQQ,Tech index (QQQ),XLK,2024-11-11 13:30:00-05:00,2024-11-15 13:30:00-05:00,2024-11-11 09:30:00-05:00,511.9200134277344,505.5092389602808,496.1300048828125,-2.6626749490489474,2024-11
PLTR,AI software,XLK,2024-11-12 13:30:00-05:00,2025-01-02 13:30:00-05:00,2024-11-12 09:30:00-05:00,59.03499984741211,56.31164202303544,68.25579875567982,3.33162661455473,2024-11
HOOD,Fintech,XLF,2024-11-12 13:30:00-05:00,2024-12-10 13:30:00-05:00,2024-11-12 09:30:00-05:00,32.51499938964844,30.559363190641086,36.43209151141505,1.9614101156643986,2024-11
RKLB,Space,XLI,2024-11-15 13:30:00-05:00,2024-12-03 13:30:00-05:00,2024-11-15 09:30:00-05:00,18.7450008392334,16.901805305943462,22.061297479956963,1.7737858407186124,2024-11
BBAI,AI software,XLK,2024-11-18 13:30:00-05:00,2024-11-26 13:30:00-05:00,2024-11-18 09:30:00-05:00,1.792199969291687,1.648947963876796,2.053134613723707,1.790230745922476,2024-11
QQQ,Tech index (QQQ),XLK,2024-11-21 13:30:00-05:00,2024-12-19 09:30:00-05:00,2024-11-21 09:30:00-05:00,505.54998779296875,498.3076919233875,518.1932078258146,1.5712344908689018,2024-11
ONDS,Drones/IoT,XLK,2024-11-26 13:30:00-05:00,2024-12-03 13:30:00-05:00,2024-11-26 09:30:00-05:00,0.859000027179718,0.7585125809586658,0.8833249644652595,0.22069858526214628,2024-11
BBAI,AI software,XLK,2024-12-02 09:30:00-05:00,2024-12-12 09:30:00-05:00,2024-11-29 09:30:00-05:00,2.359999895095825,2.029500025712538,2.803600021068859,1.3243579401469738,2024-12
ANET,AI infra/semis,XLK,2024-12-04 13:30:00-05:00,2024-12-19 09:30:00-05:00,2024-12-04 09:30:00-05:00,104.88999938964844,101.60656395173638,109.83562189594528,1.4263711275531878,2024-12
SMCI,AI infra/semis,SOXX,2024-12-09 13:30:00-05:00,2024-12-10 13:30:00-05:00,2024-12-09 09:30:00-05:00,46.25,41.68906044940193,41.099998474121094,-1.1545047829428983,2024-12
ONDS,Drones/IoT,XLK,2024-12-10 13:30:00-05:00,2024-12-19 13:30:00-05:00,2024-12-10 09:30:00-05:00,0.9071999788284302,0.7451272233216731,1.189348484152637,1.726881884015769,2024-12
SOFI,Fintech,XLF,2024-12-11 13:30:00-05:00,2024-12-19 09:30:00-05:00,2024-12-11 09:30:00-05:00,15.824299812316895,15.040886386696828,16.294892321385056,0.5501970548899014,2024-12
HOOD,Fintech,XLF,2024-12-11 13:30:00-05:00,2024-12-19 09:30:00-05:00,2024-12-11 09:30:00-05:00,38.22999954223633,35.85903668821207,39.932307399509014,0.6776710380299603,2024-12
RKLB,Space,XLI,2024-12-13 13:30:00-05:00,2025-01-02 13:30:00-05:00,2024-12-13 09:30:00-05:00,24.29840087890625,22.23870323994317,25.681798306448204,0.6421580528735059,2024-12
BBAI,AI software,XLK,2024-12-16 13:30:00-05:00,2024-12-19 13:30:00-05:00,2024-12-16 09:30:00-05:00,2.8687000274658203,2.3875876217084424,3.195908218688614,0.6652009745005861,2024-12
ANET,AI infra/semis,XLK,2024-12-20 13:30:00-05:00,2025-01-13 13:30:00-05:00,2024-12-20 09:30:00-05:00,112.3499984741211,107.69107627440303,115.75428136475344,0.6704142633324199,2024-12
ONDS,Drones/IoT,XLK,2024-12-20 13:30:00-05:00,2025-01-13 13:30:00-05:00,2024-12-20 09:30:00-05:00,1.4494999647140503,1.122936627963138,1.9019088800092852,1.374266841613524,2024-12
BBAI,AI software,XLK,2024-12-20 13:30:00-05:00,2025-01-08 13:30:00-05:00,2024-12-20 09:30:00-05:00,3.0399999618530273,2.464459113066708,3.5683773015702336,0.9048486148477055,2024-12
PLTR,AI software,XLK,2025-01-03 13:30:00-05:00,2025-01-07 13:30:00-05:00,2025-01-03 09:30:00-05:00,79.61990356445312,75.12849309392927,71.22219848632812,-1.9140434599453215,2025-01
RKLB,Space,XLI,2025-01-03 13:30:00-05:00,2025-01-13 13:30:00-05:00,2025-01-03 09:30:00-05:00,27.68000030517578,25.451390853505796,24.456100463867188,-1.4776477949529843,2025-01
HOOD,Fintech,XLF,2025-01-03 13:30:00-05:00,2025-01-27 13:30:00-05:00,2025-01-03 09:30:00-05:00,40.51499938964844,38.293736459507265,45.11417452382133,2.024923557974702,2025-01
QQQ,Tech index (QQQ),XLK,2025-01-06 13:30:00-05:00,2025-01-08 09:30:00-05:00,2025-01-06 09:30:00-05:00,525.280029296875,516.175783240404,515.0800170898438,-1.264598101683583,2025-01
ANET,AI infra/semis,XLK,2025-01-14 13:30:00-05:00,2025-01-27 13:30:00-05:00,2025-01-14 09:30:00-05:00,114.23999786376953,110.59804088145675,109.21297371208547,-1.458727868600406,2025-01
BBAI,AI software,XLK,2025-01-21 13:30:00-05:00,2025-01-27 13:30:00-05:00,2025-01-21 09:30:00-05:00,4.329999923706055,3.790079635444067,3.6449999809265137,-1.288754947195406,2025-01
SOFI,Fintech,XLF,2025-01-22 13:30:00-05:00,2025-01-27 13:30:00-05:00,2025-01-22 09:30:00-05:00,17.440000534057617,16.587975800875007,15.725000381469727,-2.064024769978272,2025-01
RKLB,Space,XLI,2025-01-22 13:30:00-05:00,2025-02-13 09:30:00-05:00,2025-01-22 09:30:00-05:00,29.100000381469727,26.322874063491227,30.439667069753405,0.456196997280342,2025-01
PLTR,AI software,XLK,2025-01-28 13:30:00-05:00,2025-02-20 09:30:00-05:00,2025-01-28 09:30:00-05:00,79.3949966430664,75.01336472369681,94.06379195625615,3.302492789869941,2025-01
QQQ,Tech index (QQQ),XLK,2025-01-30 13:30:00-05:00,2025-02-03 13:30:00-05:00,2025-01-30 09:30:00-05:00,521.3499755859375,512.4396970721552,518.3400268554688,-0.4840840454944053,2025-01
HOOD,Fintech,XLF,2025-01-30 13:30:00-05:00,2025-02-20 09:30:00-05:00,2025-01-30 09:30:00-05:00,52.70989990234375,50.02125209822221,57.64828208914092,1.78774156647556,2025-01
BBAI,AI software,XLK,2025-01-31 13:30:00-05:00,2025-02-20 13:30:00-05:00,2025-01-31 09:30:00-05:00,4.465000152587891,3.9834221001184567,6.11770220625953,3.408667701679281,2025-01
QQQ,Tech index (QQQ),XLK,2025-02-04 13:30:00-05:00,2025-02-21 13:30:00-05:00,2025-02-04 09:30:00-05:00,523.6500244140625,514.2780642887484,532.5745827104959,0.8125763590082467,2025-02
SMCI,AI infra/semis,SOXX,2025-02-11 13:30:00-05:00,2025-02-24 13:30:00-05:00,2025-02-11 09:30:00-05:00,39.029998779296875,35.687691883959,49.118205258106116,2.989142467975262,2025-02
SOFI,Fintech,XLF,2025-02-19 13:30:00-05:00,2025-02-20 13:30:00-05:00,2025-02-19 09:30:00-05:00,16.360000610351562,15.585140074616989,15.397899627685547,-1.2944277556232004,2025-02
SMCI,AI infra/semis,SOXX,2025-02-26 13:30:00-05:00,2025-02-28 09:30:00-05:00,2025-02-26 09:30:00-05:00,51.314998626708984,44.11239252236274,40.224998474121094,-1.5575317442925622,2025-02
NIO,EV/consumer,XLY,2025-03-13 13:30:00-04:00,2025-03-21 09:30:00-04:00,2025-03-13 09:30:00-04:00,4.670000076293945,4.314521535191719,4.808652332124589,0.357200902327866,2025-03
PLTR,AI software,XLK,2025-04-15 13:30:00-04:00,2025-05-06 13:30:00-04:00,2025-04-15 09:30:00-04:00,96.9000015258789,88.84330137136402,107.49393235602099,1.284853678031746,2025-04
RKLB,Space,XLI,2025-04-24 13:30:00-04:00,2025-05-09 13:30:00-04:00,2025-04-24 09:30:00-04:00,21.760000228881836,19.91934732649118,20.739900588989258,-0.5837600555048775,2025-04
SOFI,Fintech,XLF,2025-04-29 09:30:00-04:00,2025-05-21 13:30:00-04:00,2025-04-28 13:30:00-04:00,14.130000114440918,12.423709925358192,12.865300178527832,-0.7619014306693407,2025-04
HOOD,Fintech,XLF,2025-04-29 13:30:00-04:00,2025-08-04 09:30:00-04:00,2025-04-29 09:30:00-04:00,48.917598724365234,45.664779962851654,77.23677742365065,8.668446282987533,2025-04
ANET,AI infra/semis,XLK,2025-05-06 13:30:00-04:00,2025-05-07 13:30:00-04:00,2025-05-06 09:30:00-04:00,90.22000122070312,86.24911128271577,85.08999633789062,-1.348703935264125,2025-05
PLTR,AI software,XLK,2025-05-08 13:30:00-04:00,2025-06-06 09:30:00-04:00,2025-05-08 09:30:00-04:00,118.91000366210938,111.2731882353162,126.40537730723388,0.9425523904526035,2025-05
BBAI,AI software,XLK,2025-05-14 13:30:00-04:00,2025-06-06 09:30:00-04:00,2025-05-14 09:30:00-04:00,3.7850000858306885,3.4144345690044777,4.074543663579026,0.7558206708831844,2025-05
AMD,AI infra/semis,SOXX,2025-05-15 13:30:00-04:00,2025-05-23 09:30:00-04:00,2025-05-15 09:30:00-04:00,116.2300033569336,111.0813965913459,108.12000274658203,-1.6316211358171167,2025-05
QQQ,Tech index (QQQ),XLK,2025-05-16 09:30:00-04:00,2025-05-27 09:30:00-04:00,2025-05-15 13:30:00-04:00,520.52001953125,509.5473885655696,516.1599731445312,-0.5159515938569442,2025-05
RKLB,Space,XLI,2025-05-20 13:30:00-04:00,2025-06-05 13:30:00-04:00,2025-05-20 09:30:00-04:00,25.959999084472656,24.452966245118944,27.049621878660936,0.6799604956959984,2025-05
SMCI,AI infra/semis,SOXX,2025-05-21 13:30:00-04:00,2025-06-24 09:30:00-04:00,2025-05-21 09:30:00-04:00,42.130001068115234,39.10558137035507,41.38999938964844,-0.2795004548353919,2025-05
AMD,AI infra/semis,SOXX,2025-05-27 13:30:00-04:00,2025-05-30 13:30:00-04:00,2025-05-27 09:30:00-04:00,115.09500122070312,110.97720214785176,109.61000061035156,-1.4018989298100912,2025-05
ONDS,Drones/IoT,XLK,2025-05-29 09:30:00-04:00,2025-07-28 13:30:00-04:00,2025-05-28 13:30:00-04:00,1.0950000286102295,0.9631999470214174,1.6187000845922281,3.952672484192872,2025-05
AMD,AI infra/semis,SOXX,2025-06-02 13:30:00-04:00,2025-06-13 13:30:00-04:00,2025-06-02 09:30:00-04:00,113.69000244140625,109.89583266859303,117.58111150340868,0.9506385512171104,2025-06
RKLB,Space,XLI,2025-06-06 13:30:00-04:00,2025-06-11 09:30:00-04:00,2025-06-06 09:30:00-04:00,28.450300216674805,26.667781595630952,29.27412907001475,0.42226941918703376,2025-06
PLTR,AI software,XLK,2025-06-09 13:30:00-04:00,2025-06-30 09:30:00-04:00,2025-06-09 09:30:00-04:00,131.02999877929688,123.88311466661168,139.20444943449849,1.0979435981514987,2025-06
ANET,AI infra/semis,XLK,2025-06-11 13:30:00-04:00,2025-06-17 13:30:00-04:00,2025-06-11 09:30:00-04:00,94.31500244140625,91.16707088048663,91.30000305175781,-1.032673942505373,2025-06
RKLB,Space,XLI,2025-06-11 13:30:00-04:00,2025-06-16 09:30:00-04:00,2025-06-11 09:30:00-04:00,27.479999542236328,25.395278784431422,25.8700008392334,-0.8052391168331322,2025-06
SOFI,Fintech,XLF,2025-06-12 13:30:00-04:00,2025-06-13 13:30:00-04:00,2025-06-12 09:30:00-04:00,15.069899559020996,14.449942067474378,14.221199989318848,-1.4297340231964109,2025-06
SOFI,Fintech,XLF,2025-06-16 13:30:00-04:00,2025-07-30 13:30:00-04:00,2025-06-16 09:30:00-04:00,14.694999694824219,14.031783573604594,18.611310327863052,5.849636354839221,2025-06
BBAI,AI software,XLK,2025-06-16 13:30:00-04:00,2025-07-14 09:30:00-04:00,2025-06-16 09:30:00-04:00,4.05649995803833,3.7090319866251926,5.396162081141473,3.826312013164674,2025-06
AMD,AI infra/semis,SOXX,2025-06-17 09:30:00-04:00,2025-07-07 13:30:00-04:00,2025-06-16 13:30:00-04:00,127.95999908447266,121.63107784427102,134.66427925005954,1.008762777346917,2025-06
RKLB,Space,XLI,2025-06-18 13:30:00-04:00,2025-07-22 09:30:00-04:00,2025-06-18 09:30:00-04:00,27.440000534057617,25.62222812057686,37.840080277912136,5.683593647862752,2025-06
QQQ,Tech index (QQQ),XLK,2025-06-23 13:30:00-04:00,2025-08-01 13:30:00-04:00,2025-06-23 09:30:00-04:00,530.3800048828125,523.0741072950303,546.6022471548756,2.038940743539509,2025-06
SMCI,AI infra/semis,SOXX,2025-06-25 13:30:00-04:00,2025-08-01 13:30:00-04:00,2025-06-25 09:30:00-04:00,46.10499954223633,43.41965173166461,52.90459840508655,2.4891883046507535,2025-06
ANET,AI infra/semis,XLK,2025-06-27 13:30:00-04:00,2025-08-01 13:30:00-04:00,2025-06-27 09:30:00-04:00,100.30999755859375,96.6789017447168,110.71072764341471,2.7952870458924304,2025-06
PLTR,AI software,XLK,2025-07-07 13:30:00-04:00,2025-08-18 13:30:00-04:00,2025-07-07 09:30:00-04:00,138.22970581054688,131.45711707388486,159.64592870530072,3.111166121185811,2025-07
AMD,AI infra/semis,SOXX,2025-07-09 13:30:00-04:00,2025-08-06 13:30:00-04:00,2025-07-09 09:30:00-04:00,138.52999877929688,133.8686685960431,154.23705479827595,3.295353561782769,2025-07
BBAI,AI software,XLK,2025-07-16 13:30:00-04:00,2025-07-29 13:30:00-04:00,2025-07-16 09:30:00-04:00,7.177199840545654,6.4207778820002765,7.47278112513458,0.3670415458608165,2025-07
NIO,EV/consumer,XLY,2025-07-16 13:30:00-04:00,2025-07-30 13:30:00-04:00,2025-07-16 09:30:00-04:00,4.053199768066406,3.8581822397639316,4.440311638359893,1.9330512193171787,2025-07
RKLB,Space,XLI,2025-07-22 13:30:00-04:00,2025-08-14 13:30:00-04:00,2025-07-22 09:30:00-04:00,46.207000732421875,42.668838028821085,42.79999923706055,-0.9955785791330382,2025-07
SOFI,Fintech,XLF,2025-07-31 09:30:00-04:00,2025-08-20 13:30:00-04:00,2025-07-30 13:30:00-04:00,22.6825008392334,20.57966501778775,23.346474122561258,0.2887848043278503,2025-07
ONDS,Drones/IoT,XLK,2025-07-31 09:30:00-04:00,2025-08-13 13:30:00-04:00,2025-07-30 13:30:00-04:00,2.1600000858306885,1.8218841674814636,3.003793946710559,2.4796048194316436,2025-07
NIO,EV/consumer,XLY,2025-07-31 13:30:00-04:00,2025-08-05 09:30:00-04:00,2025-07-31 09:30:00-04:00,4.914999961853027,4.647034063144726,4.659999847412109,-0.9974687661153123,2025-07
SMCI,AI infra/semis,SOXX,2025-08-04 13:30:00-04:00,2025-08-06 13:30:00-04:00,2025-08-04 09:30:00-04:00,58.880001068115234,55.7056922821529,45.53810119628906,-4.249460523232326,2025-08
ANET,AI infra/semis,XLK,2025-08-04 13:30:00-04:00,2025-08-20 13:30:00-04:00,2025-08-04 09:30:00-04:00,120.34500122070312,116.3491983881187,127.68803593379977,1.7623923164121946,2025-08
HOOD,Fintech,XLF,2025-08-04 13:30:00-04:00,2025-08-20 13:30:00-04:00,2025-08-04 09:30:00-04:00,105.91999816894531,99.6403061687918,109.18206044435689,0.47729447239067524,2025-08
QQQ,Tech index (QQQ),XLK,2025-08-06 13:30:00-04:00,2025-08-19 13:30:00-04:00,2025-08-06 09:30:00-04:00,566.1400146484375,559.246772407482,572.515508255038,0.719566119482815,2025-08
AMD,AI infra/semis,SOXX,2025-08-07 13:30:00-04:00,2025-08-19 13:30:00-04:00,2025-08-07 09:30:00-04:00,171.47999572753906,163.25424745065533,174.84216958693293,0.3566209141506018,2025-08
ONDS,Drones/IoT,XLK,2025-08-14 13:30:00-04:00,2025-10-10 13:30:00-04:00,2025-08-14 09:30:00-04:00,3.6649999618530273,3.1618952273678893,7.0336699804099325,6.677550991624617,2025-08
SOFI,Fintech,XLF,2025-08-21 13:30:00-04:00,2025-09-29 09:30:00-04:00,2025-08-21 09:30:00-04:00,23.062000274658203,21.778185640772108,26.638876732852776,2.741222419980738,2025-08
HOOD,Fintech,XLF,2025-08-22 13:30:00-04:00,2025-08-27 13:30:00-04:00,2025-08-22 09:30:00-04:00,110.07029724121094,103.57881283452946,104.63999938964844,-0.8789166294219337,2025-08
RKLB,Space,XLI,2025-08-26 13:30:00-04:00,2025-09-03 13:30:00-04:00,2025-08-26 09:30:00-04:00,48.599998474121094,45.166012229032745,44.66400146484375,-1.18157054684366,2025-08
QQQ,Tech index (QQQ),XLK,2025-08-27 13:30:00-04:00,2025-09-02 13:30:00-04:00,2025-08-27 09:30:00-04:00,573.0900268554688,566.9454385708733,562.8300170898438,-1.9029321886508654,2025-08
NIO,EV/consumer,XLY,2025-08-27 13:30:00-04:00,2025-09-05 13:30:00-04:00,2025-08-27 09:30:00-04:00,6.432499885559082,6.016204944616842,5.974999904632568,-1.1376098627778408,2025-08
ANET,AI infra/semis,XLK,2025-08-28 13:30:00-04:00,2025-09-12 13:30:00-04:00,2025-08-28 09:30:00-04:00,135.89999389648438,131.5551111650866,141.88575983362716,1.2994633690804398,2025-08
QQQ,Tech index (QQQ),XLK,2025-09-04 13:30:00-04:00,2025-09-25 13:30:00-04:00,2025-09-04 09:30:00-04:00,573.02001953125,566.4318517620022,587.2437862439516,1.941543857395416,2025-09
RKLB,Space,XLI,2025-09-08 13:30:00-04:00,2025-09-16 13:30:00-04:00,2025-09-08 09:30:00-04:00,46.8650016784668,43.56784222062989,49.37643895191243,0.7261628683315855,2025-09
HOOD,Fintech,XLF,2025-09-09 13:30:00-04:00,2025-10-13 09:30:00-04:00,2025-09-09 09:30:00-04:00,115.1500015258789,108.71451524156939,134.16198632943224,2.9095097048672516,2025-09
NIO,EV/consumer,XLY,2025-09-11 13:30:00-04:00,2025-10-10 13:30:00-04:00,2025-09-11 09:30:00-04:00,6.090000152587891,5.686063039245979,6.749357867278805,1.5946361278376016,2025-09
PLTR,AI software,XLK,2025-09-12 13:30:00-04:00,2025-10-03 13:30:00-04:00,2025-09-12 09:30:00-04:00,169.52969360351562,162.8642171303104,176.68870459134905,1.010458409222454,2025-09
ANET,AI infra/semis,XLK,2025-09-15 13:30:00-04:00,2025-10-14 09:30:00-04:00,2025-09-15 09:30:00-04:00,144.72500610351562,138.6480501982506,147.90297070523528,0.46341492852053856,2025-09
RKLB,Space,XLI,2025-09-18 13:30:00-04:00,2025-09-25 13:30:00-04:00,2025-09-18 09:30:00-04:00,48.7599983215332,45.43080038333122,49.79953388039149,0.275632623859562,2025-09
SMCI,AI infra/semis,SOXX,2025-09-24 09:30:00-04:00,2025-10-10 13:30:00-04:00,2025-09-23 13:30:00-04:00,47.5,45.00594766116542,52.04603412961693,1.775136816770137,2025-09
BBAI,AI software,XLK,2025-09-24 13:30:00-04:00,2025-09-26 13:30:00-04:00,2025-09-24 09:30:00-04:00,7.710000038146973,7.070751261700826,6.78000020980835,-1.484984975194492,2025-09
BBAI,AI software,XLK,2025-10-01 13:30:00-04:00,2025-10-17 13:30:00-04:00,2025-10-01 09:30:00-04:00,6.900100231170654,6.286784959270694,7.42876024217464,0.8338448166173766,2025-10
QQQ,Tech index (QQQ),XLK,2025-10-02 13:30:00-04:00,2025-10-10 13:30:00-04:00,2025-10-02 09:30:00-04:00,605.230712890625,599.4753903116643,604.921832484281,-0.3165690825447285,2025-10
RKLB,Space,XLI,2025-10-02 13:30:00-04:00,2025-10-22 13:30:00-04:00,2025-10-02 09:30:00-04:00,51.72999954223633,48.508349622446694,57.39116718692355,1.7170837252834876,2025-10
PLTR,AI software,XLK,2025-10-06 13:30:00-04:00,2025-10-13 09:30:00-04:00,2025-10-06 09:30:00-04:00,180.08999633789062,172.30316777935545,178.67999267578125,-0.2388942608624787,2025-10
SOFI,Fintech,XLF,2025-10-07 13:30:00-04:00,2025-10-13 09:30:00-04:00,2025-10-07 09:30:00-04:00,27.815000534057617,26.33742547287892,27.040000915527344,-0.5715696901324997,2025-10
AMD,AI infra/semis,SOXX,2025-10-10 13:30:00-04:00,2025-11-06 13:30:00-05:00,2025-10-10 09:30:00-04:00,220.1999969482422,206.5594448624555,239.91870342502966,1.4052368528682904,2025-10
ONDS,Drones/IoT,XLK,2025-10-13 13:30:00-04:00,2025-10-15 13:30:00-04:00,2025-10-13 09:30:00-04:00,11.020000457763672,9.813200325358801,9.289999961853027,-1.4563724761553236,2025-10
QQQ,Tech index (QQQ),XLK,2025-10-14 13:30:00-04:00,2025-11-04 13:30:00-05:00,2025-10-14 09:30:00-04:00,602.2000122070312,593.3821232574827,617.198569439673,1.5301913280292485,2025-10
PLTR,AI software,XLK,2025-10-14 13:30:00-04:00,2025-10-22 13:30:00-04:00,2025-10-14 09:30:00-04:00,181.72999572753906,174.00364687013627,171.4600067138672,-1.388018351347869,2025-10
SOFI,Fintech,XLF,2025-10-14 13:30:00-04:00,2025-10-17 09:30:00-04:00,2025-10-14 09:30:00-04:00,27.889999389648438,26.202243232994892,26.100000381469727,-1.1018914073110309,2025-10
SMCI,AI infra/semis,SOXX,2025-10-16 13:30:00-04:00,2025-10-17 13:30:00-04:00,2025-10-16 09:30:00-04:00,55.33000183105469,52.411457555027695,52.04999923706055,-1.1712440433575122,2025-10
SMCI,AI infra/semis,SOXX,2025-10-20 13:30:00-04:00,2025-10-22 13:30:00-04:00,2025-10-20 09:30:00-04:00,55.94499969482422,52.78511449800986,50.63999938964844,-1.723120450673995,2025-10
SOFI,Fintech,XLF,2025-10-20 13:30:00-04:00,2025-10-22 13:30:00-04:00,2025-10-20 09:30:00-04:00,28.71430015563965,26.991484897197765,26.5,-1.3269477936341745,2025-10
HOOD,Fintech,XLF,2025-10-20 13:30:00-04:00,2025-10-22 09:30:00-04:00,2025-10-20 09:30:00-04:00,139.5904998779297,131.71804336962276,131.6300048828125,-1.0555118641867318,2025-10
SOFI,Fintech,XLF,2025-10-23 13:30:00-04:00,2025-10-31 13:30:00-04:00,2025-10-23 09:30:00-04:00,28.489999771118164,26.787518148476305,29.714154796564298,0.6772055631527212,2025-10
PLTR,AI software,XLK,2025-10-24 13:30:00-04:00,2025-11-04 13:30:00-05:00,2025-10-24 09:30:00-04:00,184.77000427246094,177.08668612467696,192.35721016574269,0.9273702774699845,2025-10
RKLB,Space,XLI,2025-10-27 13:30:00-04:00,2025-10-31 09:30:00-04:00,2025-10-27 09:30:00-04:00,65.72550201416016,60.93194916571372,61.875,-0.8375449058617835,2025-10
SMCI,AI infra/semis,SOXX,2025-10-28 13:30:00-04:00,2025-10-31 09:30:00-04:00,2025-10-28 09:30:00-04:00,53.09000015258789,49.84631408283851,51.38999938964844,-0.5650132978073698,2025-10
ANET,AI infra/semis,XLK,2025-10-28 13:30:00-04:00,2025-11-05 13:30:00-05:00,2025-10-28 09:30:00-04:00,156.35000610351562,150.06983534107513,153.78344493700462,-0.4709165233941074,2025-10
HOOD,Fintech,XLF,2025-10-31 13:30:00-04:00,2025-11-05 09:30:00-05:00,2025-10-31 09:30:00-04:00,145.24000549316406,137.33610368089725,139.63499450683594,-0.7550841523358199,2025-10
SOFI,Fintech,XLF,2025-11-03 13:30:00-05:00,2025-11-06 13:30:00-05:00,2025-11-03 09:30:00-05:00,30.6299991607666,28.700295201721257,28.049999237060547,-1.3766748568636518,2025-11
SOFI,Fintech,XLF,2025-11-12 13:30:00-05:00,2025-11-13 13:30:00-05:00,2025-11-12 09:30:00-05:00,31.424999237060547,29.446828713366695,28.524999618530273,-1.5057155492646992,2025-11
AMD,AI infra/semis,SOXX,2025-11-12 13:30:00-05:00,2025-11-18 13:30:00-05:00,2025-11-12 09:30:00-05:00,255.5543975830078,240.25841386004933,233.47999572753906,-1.4849184113170044,2025-11
QQQ,Tech index (QQQ),XLK,2025-11-13 09:30:00-05:00,2025-11-13 13:30:00-05:00,2025-11-12 13:30:00-05:00,617.5650024414062,611.7580192144426,607.7999877929688,-1.9474702633942655,2025-11
ONDS,Drones/IoT,XLK,2025-11-25 13:30:00-05:00,2025-12-15 13:30:00-05:00,2025-11-25 09:30:00-05:00,8.274999618530273,7.10034500757446,8.785120174622602,0.41666124874592053,2025-11
QQQ,Tech index (QQQ),XLK,2025-12-02 13:30:00-05:00,2025-12-15 09:30:00-05:00,2025-12-02 09:30:00-05:00,621.1300048828125,610.0431971869153,617.75,-0.44492788459251414,2025-12
PLTR,AI software,XLK,2025-12-11 09:30:00-05:00,2025-12-17 13:30:00-05:00,2025-12-10 13:30:00-05:00,184.58200073242188,181.5817585542425,181.1199951171875,-1.307714639038334,2025-12
ASTX,Space,XLK,2025-12-12 13:30:00-05:00,2025-12-15 13:30:00-05:00,2025-12-12 09:30:00-05:00,54.77000045776367,46.4447675071483,42.810001373291016,-1.4530433151090265,2025-12
RKLB,Space,XLI,2025-12-15 13:30:00-05:00,2026-01-21 13:30:00-05:00,2025-12-15 09:30:00-05:00,55.779998779296875,50.82673236153219,73.40884417678453,3.530881225733065,2025-12
ASTX,Space,XLK,2025-12-23 13:30:00-05:00,2025-12-26 13:30:00-05:00,2025-12-23 09:30:00-05:00,57.279998779296875,48.134985267120456,40.59000015258789,-1.8406969657556143,2025-12
ANET,AI infra/semis,XLK,2026-01-05 13:30:00-05:00,2026-01-07 13:30:00-05:00,2026-01-05 09:30:00-05:00,136.48500061035156,132.14305904110574,130.49000549316406,-1.4593028297739064,2026-01
ASTX,Space,XLK,2026-01-07 13:30:00-05:00,2026-01-21 13:30:00-05:00,2026-01-07 09:30:00-05:00,56.06999969482422,45.44148307573633,69.94734410754948,1.292482281941155,2026-01
ONDS,Drones/IoT,XLK,2026-01-12 13:30:00-05:00,2026-01-26 13:30:00-05:00,2026-01-12 09:30:00-05:00,13.170000076293945,11.676870790743374,11.174599647521973,-1.3584392514374866,2026-01
QQQ,Tech index (QQQ),XLK,2026-01-15 13:30:00-05:00,2026-01-20 13:30:00-05:00,2026-01-15 09:30:00-05:00,625.97998046875,618.1012904637935,610.6599731445312,-2.1431173538707844,2026-01
AMD,AI infra/semis,SOXX,2026-01-16 13:30:00-05:00,2026-01-30 13:30:00-05:00,2026-01-16 09:30:00-05:00,231.52999877929688,221.7569554372679,241.46036192284353,0.9568706307053927,2026-01
ASTX,Space,XLK,2026-01-22 09:30:00-05:00,2026-02-04 13:30:00-05:00,2026-01-21 13:30:00-05:00,85.0,58.377517344733036,87.03165713801653,0.06833161135167937,2026-01
ANET,AI infra/semis,XLK,2026-01-23 13:30:00-05:00,2026-02-03 09:30:00-05:00,2026-01-23 09:30:00-05:00,136.55999755859375,130.09978333244098,142.91764424158882,0.9312766540687021,2026-01
RKLB,Space,XLI,2026-01-23 13:30:00-05:00,2026-01-26 13:30:00-05:00,2026-01-23 09:30:00-05:00,92.61000061035156,85.02586530901972,82.77999877929688,-1.3266544481100797,2026-01
QQQ,Tech index (QQQ),XLK,2026-01-27 09:30:00-05:00,2026-02-03 13:30:00-05:00,2026-01-26 13:30:00-05:00,628.9000244140625,617.4262156730774,613.6699829101562,-1.4644040130216476,2026-01
ONDS,Drones/IoT,XLK,2026-01-28 13:30:00-05:00,2026-01-29 13:30:00-05:00,2026-01-28 09:30:00-05:00,12.461099624633789,10.988438515134066,11.4399995803833,-0.7145247379212266,2026-01
AMD,AI infra/semis,SOXX,2026-02-02 13:30:00-05:00,2026-02-04 13:30:00-05:00,2026-02-02 09:30:00-05:00,247.62620544433594,235.08753904812963,202.26179504394528,-3.66733386637627,2026-02
ANET,AI infra/semis,XLK,2026-02-09 09:30:00-05:00,2026-02-12 13:30:00-05:00,2026-02-06 13:30:00-05:00,138.27999877929688,130.69850442134907,134.16000366210938,-0.5890257122534532,2026-02
ANET,AI infra/semis,XLK,2026-02-13 13:30:00-05:00,2026-02-19 13:30:00-05:00,2026-02-13 09:30:00-05:00,142.1699981689453,134.58642879924412,136.85499572753906,-0.7477253995307013,2026-02
NIO,EV/consumer,XLY,2026-03-11 13:30:00-04:00,2026-03-20 13:30:00-04:00,2026-03-11 09:30:00-04:00,5.494999885559082,5.181998288362056,5.6953343313741485,0.5961533352295038,2026-03
NIO,EV/consumer,XLY,2026-03-23 13:30:00-04:00,2026-03-27 13:30:00-04:00,2026-03-23 09:30:00-04:00,5.741399765014648,5.436973215250679,5.379899978637695,-1.2346271574568615,2026-03
AMD,AI infra/semis,SOXX,2026-04-02 13:30:00-04:00,2026-04-28 13:30:00-04:00,2026-04-02 09:30:00-04:00,215.17999267578125,204.96622010655216,275.7241749989522,5.875031183116564,2026-04
NIO,EV/consumer,XLY,2026-04-08 13:30:00-04:00,2026-04-10 09:30:00-04:00,2026-04-08 09:30:00-04:00,6.465000152587891,6.157012952210969,6.139999866485596,-1.1077174183415468,2026-04
NIO,EV/consumer,XLY,2026-04-10 13:30:00-04:00,2026-04-23 13:30:00-04:00,2026-04-10 09:30:00-04:00,6.454999923706055,6.0899862323855105,6.589175841897411,0.3233807969094335,2026-04
ANET,AI infra/semis,XLK,2026-04-15 13:30:00-04:00,2026-04-28 13:30:00-04:00,2026-04-15 09:30:00-04:00,152.22500610351562,146.45335240828905,161.33360134450652,1.5122239113116906,2026-04
QQQ,Tech index (QQQ),XLK,2026-04-20 13:30:00-04:00,2026-05-20 09:30:00-04:00,2026-04-20 09:30:00-04:00,645.5999755859375,636.1641048421619,681.7572451280118,3.6608459930310238,2026-04
HOOD,Fintech,XLF,2026-04-20 13:30:00-04:00,2026-04-23 13:30:00-04:00,2026-04-20 09:30:00-04:00,90.17369842529297,85.29483395603012,83.36000061035156,-1.4427808161820457,2026-04
RKLB,Space,XLI,2026-04-21 13:30:00-04:00,2026-04-27 09:30:00-04:00,2026-04-21 09:30:00-04:00,86.5999984741211,80.93236410464384,79.69999694824219,-1.255638782979677,2026-04
ONDS,Drones/IoT,XLK,2026-04-22 13:30:00-04:00,2026-04-29 13:30:00-04:00,2026-04-22 09:30:00-04:00,10.979900360107422,10.179282838798104,9.505000114440918,-1.8764890307544744,2026-04
AMD,AI infra/semis,SOXX,2026-04-29 13:30:00-04:00,2026-05-18 09:30:00-04:00,2026-04-29 09:30:00-04:00,333.3500061035156,316.7158972564807,392.04274960733323,3.478356972448952,2026-04
RKLB,Space,XLI,2026-04-30 13:30:00-04:00,2026-06-01 13:30:00-04:00,2026-04-30 09:30:00-04:00,82.43000030517578,76.65979052338092,107.90513960021676,4.379228009006273,2026-04
ANET,AI infra/semis,XLK,2026-05-04 13:30:00-04:00,2026-05-06 13:30:00-04:00,2026-05-04 09:30:00-04:00,175.27999877929688,168.62337025443153,142.08999633789062,-5.0518370242141115,2026-05
SMCI,AI infra/semis,SOXX,2026-05-11 13:30:00-04:00,2026-05-12 13:30:00-04:00,2026-05-11 09:30:00-04:00,34.810001373291016,32.527270962180694,32.099998474121094,-1.2252992683628696,2026-05
SMCI,AI infra/semis,SOXX,2026-05-14 13:30:00-04:00,2026-06-05 13:30:00-04:00,2026-05-14 09:30:00-04:00,32.5099983215332,30.275062490176417,38.71245833988239,2.7388638799662086,2026-05
NIO,EV/consumer,XLY,2026-05-14 13:30:00-04:00,2026-05-18 09:30:00-04:00,2026-05-14 09:30:00-04:00,6.289999961853027,6.00195549829462,6.070000171661377,-0.8183625096772078,2026-05
AMD,AI infra/semis,SOXX,2026-05-19 13:30:00-04:00,2026-06-05 13:30:00-04:00,2026-05-19 09:30:00-04:00,422.69000244140625,395.20362838497846,467.07531239992323,1.5763659791379765,2026-05
QQQ,Tech index (QQQ),XLK,2026-05-20 13:30:00-04:00,2026-06-05 13:30:00-04:00,2026-05-20 09:30:00-04:00,710.7100219726562,698.8745488200286,721.035304448757,0.7222784683746413,2026-05
BBAI,AI software,XLK,2026-05-27 13:30:00-04:00,2026-06-05 13:30:00-04:00,2026-05-27 09:30:00-04:00,4.40500020980835,4.095363787091647,4.527974412655251,0.361590866281316,2026-05
ASTX,Space,XLK,2026-05-29 13:30:00-04:00,2026-06-05 13:30:00-04:00,2026-05-29 09:30:00-04:00,53.310001373291016,41.00306391475025,34.82500076293945,-1.5128276776009848,2026-05
PLTR,AI software,XLK,2026-06-02 13:30:00-04:00,2026-06-03 13:30:00-04:00,2026-06-02 09:30:00-04:00,153.4801025390625,146.44884923657403,142.64999389648438,-1.5948520720988744,2026-06
ONDS,Drones/IoT,XLK,2026-06-02 13:30:00-04:00,2026-06-03 13:30:00-04:00,2026-06-02 09:30:00-04:00,13.609999656677246,12.390932983901877,11.739000320434572,-1.5626908502447392,2026-06
HOOD,Fintech,XLF,2026-06-02 13:30:00-04:00,2026-06-04 09:30:00-04:00,2026-06-02 09:30:00-04:00,88.9000015258789,83.50212566588552,83.24749755859375,-1.08834551284161,2026-06
ANET,AI infra/semis,XLK,2026-06-04 13:30:00-04:00,2026-06-05 13:30:00-04:00,2026-06-04 09:30:00-04:00,165.78500366210938,157.25881411665765,154.44000244140625,-1.3792167846105943,2026-06
HOOD,Fintech,XLF,2026-06-04 13:30:00-04:00,2026-06-05 13:30:00-04:00,2026-06-04 09:30:00-04:00,87.0302963256836,81.7620150507677,81.05000305175781,-1.1764499067751348,2026-06
HOOD,Fintech,XLF,2026-06-10 13:30:00-04:00,2026-06-25 13:30:00-04:00,2026-06-10 09:30:00-04:00,88.88500213623047,82.554016231726,95.84482312253424,1.0642273703641336,2026-06
QQQ,Tech index (QQQ),XLK,2026-06-12 13:30:00-04:00,2026-06-24 09:30:00-04:00,2026-06-12 09:30:00-04:00,723.0800170898438,706.1612821590105,714.7999877929688,-0.5962460775489432,2026-06
ANET,AI infra/semis,XLK,2026-06-12 13:30:00-04:00,2026-06-26 13:30:00-04:00,2026-06-12 09:30:00-04:00,164.57000732421875,155.98021955455863,157.9199981689453,-0.8220731830564647,2026-06
AMD,AI infra/semis,SOXX,2026-06-12 13:30:00-04:00,2026-07-02 13:30:00-04:00,2026-06-12 09:30:00-04:00,519.489990234375,483.66704237516984,539.8319774465014,0.5315939467457034,2026-06
SOFI,Fintech,XLF,2026-06-23 13:30:00-04:00,2026-07-16 13:30:00-04:00,2026-06-23 09:30:00-04:00,17.509899139404297,16.502692311233965,18.18150450837169,0.6233383288905875,2026-06
ANET,AI infra/semis,XLK,2026-06-30 13:30:00-04:00,2026-07-02 13:30:00-04:00,2026-06-30 09:30:00-04:00,171.11500549316406,162.21725920738135,158.69000244140625,-1.4444995567054528,2026-06
QQQ,Tech index (QQQ),XLK,2026-07-01 13:30:00-04:00,2026-07-02 13:30:00-04:00,2026-07-01 09:30:00-04:00,728.3499755859375,712.638520154102,710.3900146484375,-1.2590072232508613,2026-07
ANET,AI infra/semis,XLK,2026-07-06 13:30:00-04:00,2026-07-15 13:30:00-04:00,2026-07-06 09:30:00-04:00,172.10499572753906,161.84042054261545,177.61888579629672,0.49525942261161815,2026-07
AMD,AI infra/semis,SOXX,2026-07-06 13:30:00-04:00,2026-07-08 09:30:00-04:00,2026-07-06 09:30:00-04:00,556.5020141601562,518.0680355561133,504.80499267578125,-1.3812849579458029,2026-07
HOOD,Fintech,XLF,2026-07-07 13:30:00-04:00,2026-07-16 13:30:00-04:00,2026-07-07 09:30:00-04:00,115.08000183105469,108.07937119369296,107.68499755859375,-1.0974303137829735,2026-07
AMD,AI infra/semis,SOXX,2026-07-09 13:30:00-04:00,2026-07-16 13:30:00-04:00,2026-07-09 09:30:00-04:00,549.7899780273438,511.37850391528474,498.04998779296875,-1.3827760169914554,2026-07
AMD,AI infra/semis,SOXX,2026-07-22 13:30:00-04:00,2026-07-27 09:30:00-04:00,2026-07-22 09:30:00-04:00,556.8800048828125,521.0160488211268,527.5050048828125,-0.8578863960040465,2026-07
ANET,AI infra/semis,XLK,2026-07-31 13:30:00-04:00,2026-08-18 13:30:00-04:00,2026-07-31 09:30:00-04:00,180.64999389648438,169.95353056510763,193.86930512374985,1.1936362372291638,2026-07
PLTR,AI software,XLK,2026-08-06 13:30:00-04:00,2026-09-02 13:30:00-04:00,2026-08-06 09:30:00-04:00,155.6750030517578,147.1114313905725,167.7815473672225,1.368279179696086,2026-08
ONDS,Drones/IoT,XLK,2026-08-06 13:30:00-04:00,2026-08-20 13:30:00-04:00,2026-08-06 09:30:00-04:00,8.904999732971191,8.181110288712532,9.080943010904292,0.21229868707100474,2026-08
SMCI,AI infra/semis,SOXX,2026-08-10 13:30:00-04:00,2026-08-24 13:30:00-04:00,2026-08-10 09:30:00-04:00,31.81999969482422,29.64913977242193,35.082240177150034,1.4660966607033612,2026-08
QQQ,Tech index (QQQ),XLK,2026-08-17 13:30:00-04:00,2026-08-18 13:30:00-04:00,2026-08-17 09:30:00-04:00,730.02001953125,720.0883470120178,718.3400268554688,-1.3597954119467353,2026-08
SOFI,Fintech,XLF,2026-08-21 13:30:00-04:00,2026-08-31 09:30:00-04:00,2026-08-21 09:30:00-04:00,18.969999313354492,18.144661462033813,17.75,-1.5356430213515435,2026-08
HOOD,Fintech,XLF,2026-08-24 13:30:00-04:00,2026-09-11 09:30:00-04:00,2026-08-24 09:30:00-04:00,106.80000305175781,100.72498326352219,114.091678587258,1.1563214232609083,2026-08
SMCI,AI infra/semis,SOXX,2026-08-27 13:30:00-04:00,2026-09-15 13:30:00-04:00,2026-08-27 09:30:00-04:00,38.724998474121094,36.06983531014575,36.14500045776367,-1.008152925914718,2026-08
PLTR,AI software,XLK,2026-09-03 13:30:00-04:00,2026-09-08 13:30:00-04:00,2026-09-03 09:30:00-04:00,182.8300018310547,174.28267573010342,172.05499267578125,-1.3141050226925366,2026-09
HOOD,Fintech,XLF,2026-09-11 13:30:00-04:00,2026-09-16 13:30:00-04:00,2026-09-11 09:30:00-04:00,113.29499816894531,106.95562886656879,105.55000305175781,-1.2664087276947584,2026-09
