row_kind,trade_id,ledger_row_index,event_timestamp_et,event_timestamp_utc,candle_end_time_et,price,open,high,low,close,volume,label_status,in_holding_window,equity_session_boundary,intended_entry_price,recorded_fill_price,target_tp1_price,target_stop_price,system_engine_version,pinned_source_commit,source_file,source_sha256,source_sha_note,source_row_index,ledger_field,ledger_value,ledger_exit_reason
retained_bar,T027,27,2025-01-21T23:00:00-05:00,2025-01-22T04:00:00+00:00,2025-01-22T03:00:00-05:00,UNAVAILABLE,254.07252502441406,259.4206848144531,252.8795928955078,258.5314636230469,0.0,CORRECT_LABEL(derived),False,UNAVAILABLE,UNAVAILABLE,UNAVAILABLE,UNAVAILABLE,UNAVAILABLE,UNAVAILABLE,b18a010d3d0393744428403e24bd4a59eb481ae2,h4_SOL-USD.pkl,33ddac323c4d1175ba3a2edd3705b672de480d4f639ed9e777ab4e8f9f85afc4,,772,,,ema55-break
retained_bar,T027,27,2025-01-22T03:00:00-05:00,2025-01-22T08:00:00+00:00,2025-01-22T07:00:00-05:00,UNAVAILABLE,258.44000244140625,258.5419921875,252.75596618652344,257.9217529296875,0.0,CORRECT_LABEL(derived),False,UNAVAILABLE,UNAVAILABLE,UNAVAILABLE,UNAVAILABLE,UNAVAILABLE,UNAVAILABLE,b18a010d3d0393744428403e24bd4a59eb481ae2,h4_SOL-USD.pkl,33ddac323c4d1175ba3a2edd3705b672de480d4f639ed9e777ab4e8f9f85afc4,,773,,,ema55-break
retained_bar,T027,27,2025-01-22T07:00:00-05:00,2025-01-22T12:00:00+00:00,2025-01-22T11:00:00-05:00,UNAVAILABLE,257.8575134277344,263.92181396484375,255.37454223632812,257.8851318359375,513517568.0,CORRECT_LABEL(derived),False,UNAVAILABLE,UNAVAILABLE,UNAVAILABLE,UNAVAILABLE,UNAVAILABLE,UNAVAILABLE,b18a010d3d0393744428403e24bd4a59eb481ae2,h4_SOL-USD.pkl,33ddac323c4d1175ba3a2edd3705b672de480d4f639ed9e777ab4e8f9f85afc4,,774,,,ema55-break
retained_bar,T027,27,2025-01-22T11:00:00-05:00,2025-01-22T16:00:00+00:00,2025-01-22T15:00:00-05:00,UNAVAILABLE,257.83160400390625,265.5734558105469,253.92434692382812,264.6847229003906,224312320.0,CORRECT_LABEL(derived),False,UNAVAILABLE,UNAVAILABLE,UNAVAILABLE,UNAVAILABLE,UNAVAILABLE,UNAVAILABLE,b18a010d3d0393744428403e24bd4a59eb481ae2,h4_SOL-USD.pkl,33ddac323c4d1175ba3a2edd3705b672de480d4f639ed9e777ab4e8f9f85afc4,,775,,,ema55-break
retained_bar,T027,27,2025-01-22T15:00:00-05:00,2025-01-22T20:00:00+00:00,2025-01-22T19:00:00-05:00,UNAVAILABLE,265.08648681640625,271.5243225097656,256.167724609375,256.9964904785156,915487232.0,CORRECT_LABEL(derived),False,UNAVAILABLE,UNAVAILABLE,UNAVAILABLE,UNAVAILABLE,UNAVAILABLE,UNAVAILABLE,b18a010d3d0393744428403e24bd4a59eb481ae2,h4_SOL-USD.pkl,33ddac323c4d1175ba3a2edd3705b672de480d4f639ed9e777ab4e8f9f85afc4,,776,,,ema55-break
retained_bar,T027,27,2025-01-22T19:00:00-05:00,2025-01-23T00:00:00+00:00,2025-01-22T23:00:00-05:00,UNAVAILABLE,257.17303466796875,258.113525390625,246.64454650878906,248.75440979003906,336352256.0,CORRECT_LABEL(derived),True,UNAVAILABLE,UNAVAILABLE,UNAVAILABLE,UNAVAILABLE,UNAVAILABLE,UNAVAILABLE,b18a010d3d0393744428403e24bd4a59eb481ae2,h4_SOL-USD.pkl,33ddac323c4d1175ba3a2edd3705b672de480d4f639ed9e777ab4e8f9f85afc4,,777,,,ema55-break
retained_bar,T027,27,2025-01-22T23:00:00-05:00,2025-01-23T04:00:00+00:00,2025-01-23T03:00:00-05:00,UNAVAILABLE,248.77432250976562,250.18234252929688,245.41307067871094,249.2154998779297,10984448.0,CORRECT_LABEL(derived),True,UNAVAILABLE,UNAVAILABLE,UNAVAILABLE,UNAVAILABLE,UNAVAILABLE,UNAVAILABLE,b18a010d3d0393744428403e24bd4a59eb481ae2,h4_SOL-USD.pkl,33ddac323c4d1175ba3a2edd3705b672de480d4f639ed9e777ab4e8f9f85afc4,,778,,,ema55-break
retained_bar,T027,27,2025-01-23T03:00:00-05:00,2025-01-23T08:00:00+00:00,2025-01-23T07:00:00-05:00,UNAVAILABLE,249.18519592285156,249.3551483154297,242.7563934326172,244.28053283691406,216854528.0,CORRECT_LABEL(derived),True,UNAVAILABLE,UNAVAILABLE,UNAVAILABLE,UNAVAILABLE,UNAVAILABLE,UNAVAILABLE,b18a010d3d0393744428403e24bd4a59eb481ae2,h4_SOL-USD.pkl,33ddac323c4d1175ba3a2edd3705b672de480d4f639ed9e777ab4e8f9f85afc4,,779,,,ema55-break
retained_bar,T027,27,2025-01-23T07:00:00-05:00,2025-01-23T12:00:00+00:00,2025-01-23T11:00:00-05:00,UNAVAILABLE,244.25689697265625,253.94302368164062,242.56663513183594,249.35433959960938,665816064.0,CORRECT_LABEL(derived),True,UNAVAILABLE,UNAVAILABLE,UNAVAILABLE,UNAVAILABLE,UNAVAILABLE,UNAVAILABLE,b18a010d3d0393744428403e24bd4a59eb481ae2,h4_SOL-USD.pkl,33ddac323c4d1175ba3a2edd3705b672de480d4f639ed9e777ab4e8f9f85afc4,,780,,,ema55-break
retained_bar,T027,27,2025-01-23T11:00:00-05:00,2025-01-23T16:00:00+00:00,2025-01-23T15:00:00-05:00,UNAVAILABLE,249.36129760742188,255.29815673828125,246.0358123779297,246.59422302246094,368264192.0,CORRECT_LABEL(derived),True,UNAVAILABLE,UNAVAILABLE,UNAVAILABLE,UNAVAILABLE,UNAVAILABLE,UNAVAILABLE,b18a010d3d0393744428403e24bd4a59eb481ae2,h4_SOL-USD.pkl,33ddac323c4d1175ba3a2edd3705b672de480d4f639ed9e777ab4e8f9f85afc4,,781,,,ema55-break
retained_bar,T027,27,2025-01-23T15:00:00-05:00,2025-01-23T20:00:00+00:00,2025-01-23T19:00:00-05:00,UNAVAILABLE,247.0028533935547,257.3500061035156,245.24302673339844,253.4456024169922,403605504.0,CORRECT_LABEL(derived),True,UNAVAILABLE,UNAVAILABLE,UNAVAILABLE,UNAVAILABLE,UNAVAILABLE,UNAVAILABLE,b18a010d3d0393744428403e24bd4a59eb481ae2,h4_SOL-USD.pkl,33ddac323c4d1175ba3a2edd3705b672de480d4f639ed9e777ab4e8f9f85afc4,,782,,,ema55-break
retained_bar,T027,27,2025-01-23T19:00:00-05:00,2025-01-24T00:00:00+00:00,2025-01-23T23:00:00-05:00,UNAVAILABLE,253.5701904296875,256.2585144042969,247.69818115234375,252.20590209960938,79047680.0,CORRECT_LABEL(derived),True,UNAVAILABLE,UNAVAILABLE,UNAVAILABLE,UNAVAILABLE,UNAVAILABLE,UNAVAILABLE,b18a010d3d0393744428403e24bd4a59eb481ae2,h4_SOL-USD.pkl,33ddac323c4d1175ba3a2edd3705b672de480d4f639ed9e777ab4e8f9f85afc4,,783,,,ema55-break
retained_bar,T027,27,2025-01-23T23:00:00-05:00,2025-01-24T04:00:00+00:00,2025-01-24T03:00:00-05:00,UNAVAILABLE,252.30982971191406,263.9355773925781,251.17745971679688,259.9437255859375,687325184.0,CORRECT_LABEL(derived),True,UNAVAILABLE,UNAVAILABLE,UNAVAILABLE,UNAVAILABLE,UNAVAILABLE,UNAVAILABLE,b18a010d3d0393744428403e24bd4a59eb481ae2,h4_SOL-USD.pkl,33ddac323c4d1175ba3a2edd3705b672de480d4f639ed9e777ab4e8f9f85afc4,,784,,,ema55-break
retained_bar,T027,27,2025-01-24T03:00:00-05:00,2025-01-24T08:00:00+00:00,2025-01-24T07:00:00-05:00,UNAVAILABLE,259.8520812988281,266.9603271484375,259.8520812988281,266.63287353515625,387168256.0,CORRECT_LABEL(derived),True,UNAVAILABLE,UNAVAILABLE,UNAVAILABLE,UNAVAILABLE,UNAVAILABLE,UNAVAILABLE,b18a010d3d0393744428403e24bd4a59eb481ae2,h4_SOL-USD.pkl,33ddac323c4d1175ba3a2edd3705b672de480d4f639ed9e777ab4e8f9f85afc4,,785,,,ema55-break
retained_bar,T027,27,2025-01-24T07:00:00-05:00,2025-01-24T12:00:00+00:00,2025-01-24T11:00:00-05:00,UNAVAILABLE,266.6234436035156,269.611572265625,261.70428466796875,261.99615478515625,0.0,CORRECT_LABEL(derived),True,UNAVAILABLE,UNAVAILABLE,UNAVAILABLE,UNAVAILABLE,UNAVAILABLE,UNAVAILABLE,b18a010d3d0393744428403e24bd4a59eb481ae2,h4_SOL-USD.pkl,33ddac323c4d1175ba3a2edd3705b672de480d4f639ed9e777ab4e8f9f85afc4,,786,,,ema55-break
retained_bar,T027,27,2025-01-24T11:00:00-05:00,2025-01-24T16:00:00+00:00,2025-01-24T15:00:00-05:00,UNAVAILABLE,262.03717041015625,265.1732177734375,261.20355224609375,261.9271545410156,0.0,CORRECT_LABEL(derived),True,UNAVAILABLE,UNAVAILABLE,UNAVAILABLE,UNAVAILABLE,UNAVAILABLE,UNAVAILABLE,b18a010d3d0393744428403e24bd4a59eb481ae2,h4_SOL-USD.pkl,33ddac323c4d1175ba3a2edd3705b672de480d4f639ed9e777ab4e8f9f85afc4,,787,,,ema55-break
retained_bar,T027,27,2025-01-24T15:00:00-05:00,2025-01-24T20:00:00+00:00,2025-01-24T19:00:00-05:00,UNAVAILABLE,261.9519348144531,262.05560302734375,253.23971557617188,253.36122131347656,0.0,CORRECT_LABEL(derived),True,UNAVAILABLE,UNAVAILABLE,UNAVAILABLE,UNAVAILABLE,UNAVAILABLE,UNAVAILABLE,b18a010d3d0393744428403e24bd4a59eb481ae2,h4_SOL-USD.pkl,33ddac323c4d1175ba3a2edd3705b672de480d4f639ed9e777ab4e8f9f85afc4,,788,,,ema55-break
retained_bar,T027,27,2025-01-24T19:00:00-05:00,2025-01-25T00:00:00+00:00,2025-01-24T23:00:00-05:00,UNAVAILABLE,253.37103271484375,253.45318603515625,248.35006713867188,252.6898193359375,74260992.0,CORRECT_LABEL(derived),True,UNAVAILABLE,UNAVAILABLE,UNAVAILABLE,UNAVAILABLE,UNAVAILABLE,UNAVAILABLE,b18a010d3d0393744428403e24bd4a59eb481ae2,h4_SOL-USD.pkl,33ddac323c4d1175ba3a2edd3705b672de480d4f639ed9e777ab4e8f9f85afc4,,789,,,ema55-break
retained_bar,T027,27,2025-01-24T23:00:00-05:00,2025-01-25T04:00:00+00:00,2025-01-25T03:00:00-05:00,UNAVAILABLE,252.57376098632812,252.57376098632812,246.80955505371094,247.16748046875,0.0,CORRECT_LABEL(derived),True,UNAVAILABLE,UNAVAILABLE,UNAVAILABLE,UNAVAILABLE,UNAVAILABLE,UNAVAILABLE,b18a010d3d0393744428403e24bd4a59eb481ae2,h4_SOL-USD.pkl,33ddac323c4d1175ba3a2edd3705b672de480d4f639ed9e777ab4e8f9f85afc4,,790,,,ema55-break
retained_bar,T027,27,2025-01-25T03:00:00-05:00,2025-01-25T08:00:00+00:00,2025-01-25T07:00:00-05:00,UNAVAILABLE,247.1756591796875,250.44036865234375,246.6832733154297,250.33126831054688,0.0,CORRECT_LABEL(derived),True,UNAVAILABLE,UNAVAILABLE,UNAVAILABLE,UNAVAILABLE,UNAVAILABLE,UNAVAILABLE,b18a010d3d0393744428403e24bd4a59eb481ae2,h4_SOL-USD.pkl,33ddac323c4d1175ba3a2edd3705b672de480d4f639ed9e777ab4e8f9f85afc4,,791,,,ema55-break
retained_bar,T027,27,2025-01-25T07:00:00-05:00,2025-01-25T12:00:00+00:00,2025-01-25T11:00:00-05:00,UNAVAILABLE,250.27252197265625,254.4923858642578,248.56204223632812,253.7081298828125,0.0,CORRECT_LABEL(derived),True,UNAVAILABLE,UNAVAILABLE,UNAVAILABLE,UNAVAILABLE,UNAVAILABLE,UNAVAILABLE,b18a010d3d0393744428403e24bd4a59eb481ae2,h4_SOL-USD.pkl,33ddac323c4d1175ba3a2edd3705b672de480d4f639ed9e777ab4e8f9f85afc4,,792,,,ema55-break
retained_bar,T027,27,2025-01-25T11:00:00-05:00,2025-01-25T16:00:00+00:00,2025-01-25T15:00:00-05:00,UNAVAILABLE,253.6892852783203,260.57696533203125,253.45956420898438,258.2134704589844,232163328.0,CORRECT_LABEL(derived),True,UNAVAILABLE,UNAVAILABLE,UNAVAILABLE,UNAVAILABLE,UNAVAILABLE,UNAVAILABLE,b18a010d3d0393744428403e24bd4a59eb481ae2,h4_SOL-USD.pkl,33ddac323c4d1175ba3a2edd3705b672de480d4f639ed9e777ab4e8f9f85afc4,,793,,,ema55-break
retained_bar,T027,27,2025-01-25T15:00:00-05:00,2025-01-25T20:00:00+00:00,2025-01-25T19:00:00-05:00,UNAVAILABLE,258.2134704589844,259.5818176269531,255.98660278320312,256.0738830566406,8273408.0,CORRECT_LABEL(derived),True,UNAVAILABLE,UNAVAILABLE,UNAVAILABLE,UNAVAILABLE,UNAVAILABLE,UNAVAILABLE,b18a010d3d0393744428403e24bd4a59eb481ae2,h4_SOL-USD.pkl,33ddac323c4d1175ba3a2edd3705b672de480d4f639ed9e777ab4e8f9f85afc4,,794,,,ema55-break
retained_bar,T027,27,2025-01-25T19:00:00-05:00,2025-01-26T00:00:00+00:00,2025-01-25T23:00:00-05:00,UNAVAILABLE,256.1341857910156,259.38262939453125,253.88177490234375,258.02581787109375,45724672.0,CORRECT_LABEL(derived),True,UNAVAILABLE,UNAVAILABLE,UNAVAILABLE,UNAVAILABLE,UNAVAILABLE,UNAVAILABLE,b18a010d3d0393744428403e24bd4a59eb481ae2,h4_SOL-USD.pkl,33ddac323c4d1175ba3a2edd3705b672de480d4f639ed9e777ab4e8f9f85afc4,,795,,,ema55-break
retained_bar,T027,27,2025-01-25T23:00:00-05:00,2025-01-26T04:00:00+00:00,2025-01-26T03:00:00-05:00,UNAVAILABLE,258.2370300292969,259.6168212890625,257.5690002441406,258.7886047363281,8542720.0,CORRECT_LABEL(derived),True,UNAVAILABLE,UNAVAILABLE,UNAVAILABLE,UNAVAILABLE,UNAVAILABLE,UNAVAILABLE,b18a010d3d0393744428403e24bd4a59eb481ae2,h4_SOL-USD.pkl,33ddac323c4d1175ba3a2edd3705b672de480d4f639ed9e777ab4e8f9f85afc4,,796,,,ema55-break
retained_bar,T027,27,2025-01-26T03:00:00-05:00,2025-01-26T08:00:00+00:00,2025-01-26T07:00:00-05:00,UNAVAILABLE,258.8190002441406,258.8190002441406,253.16009521484375,255.57058715820312,1721344.0,CORRECT_LABEL(derived),True,UNAVAILABLE,UNAVAILABLE,UNAVAILABLE,UNAVAILABLE,UNAVAILABLE,UNAVAILABLE,b18a010d3d0393744428403e24bd4a59eb481ae2,h4_SOL-USD.pkl,33ddac323c4d1175ba3a2edd3705b672de480d4f639ed9e777ab4e8f9f85afc4,,797,,,ema55-break
retained_bar,T027,27,2025-01-26T07:00:00-05:00,2025-01-26T12:00:00+00:00,2025-01-26T11:00:00-05:00,UNAVAILABLE,255.5601806640625,257.0538330078125,253.58909606933594,254.75845336914062,28539648.0,CORRECT_LABEL(derived),True,UNAVAILABLE,UNAVAILABLE,UNAVAILABLE,UNAVAILABLE,UNAVAILABLE,UNAVAILABLE,b18a010d3d0393744428403e24bd4a59eb481ae2,h4_SOL-USD.pkl,33ddac323c4d1175ba3a2edd3705b672de480d4f639ed9e777ab4e8f9f85afc4,,798,,,ema55-break
retained_bar,T027,27,2025-01-26T11:00:00-05:00,2025-01-26T16:00:00+00:00,2025-01-26T15:00:00-05:00,UNAVAILABLE,254.63070678710938,257.29742431640625,254.08889770507812,256.26904296875,0.0,CORRECT_LABEL(derived),True,UNAVAILABLE,UNAVAILABLE,UNAVAILABLE,UNAVAILABLE,UNAVAILABLE,UNAVAILABLE,b18a010d3d0393744428403e24bd4a59eb481ae2,h4_SOL-USD.pkl,33ddac323c4d1175ba3a2edd3705b672de480d4f639ed9e777ab4e8f9f85afc4,,799,,,ema55-break
retained_bar,T027,27,2025-01-26T15:00:00-05:00,2025-01-26T20:00:00+00:00,2025-01-26T19:00:00-05:00,UNAVAILABLE,256.27496337890625,256.3875732421875,240.88345336914062,240.88345336914062,742276352.0,CORRECT_LABEL(derived),True,UNAVAILABLE,UNAVAILABLE,UNAVAILABLE,UNAVAILABLE,UNAVAILABLE,UNAVAILABLE,b18a010d3d0393744428403e24bd4a59eb481ae2,h4_SOL-USD.pkl,33ddac323c4d1175ba3a2edd3705b672de480d4f639ed9e777ab4e8f9f85afc4,,800,,,ema55-break
retained_bar,T027,27,2025-01-26T19:00:00-05:00,2025-01-27T00:00:00+00:00,2025-01-26T23:00:00-05:00,UNAVAILABLE,240.91966247558594,242.1302490234375,233.2848358154297,235.48841857910156,1287219456.0,CORRECT_LABEL(derived),True,UNAVAILABLE,UNAVAILABLE,UNAVAILABLE,UNAVAILABLE,UNAVAILABLE,UNAVAILABLE,b18a010d3d0393744428403e24bd4a59eb481ae2,h4_SOL-USD.pkl,33ddac323c4d1175ba3a2edd3705b672de480d4f639ed9e777ab4e8f9f85afc4,,801,,,ema55-break
retained_bar,T027,27,2025-01-26T23:00:00-05:00,2025-01-27T04:00:00+00:00,2025-01-27T03:00:00-05:00,UNAVAILABLE,235.5060577392578,235.60418701171875,223.13821411132812,227.97543334960938,1677170176.0,CORRECT_LABEL(derived),False,UNAVAILABLE,UNAVAILABLE,UNAVAILABLE,UNAVAILABLE,UNAVAILABLE,UNAVAILABLE,b18a010d3d0393744428403e24bd4a59eb481ae2,h4_SOL-USD.pkl,33ddac323c4d1175ba3a2edd3705b672de480d4f639ed9e777ab4e8f9f85afc4,,802,,,ema55-break
retained_bar,T027,27,2025-01-27T03:00:00-05:00,2025-01-27T08:00:00+00:00,2025-01-27T07:00:00-05:00,UNAVAILABLE,227.90072631835938,227.90072631835938,221.98623657226562,226.28977966308594,909989376.0,CORRECT_LABEL(derived),False,UNAVAILABLE,UNAVAILABLE,UNAVAILABLE,UNAVAILABLE,UNAVAILABLE,UNAVAILABLE,b18a010d3d0393744428403e24bd4a59eb481ae2,h4_SOL-USD.pkl,33ddac323c4d1175ba3a2edd3705b672de480d4f639ed9e777ab4e8f9f85afc4,,803,,,ema55-break
retained_bar,T027,27,2025-01-27T07:00:00-05:00,2025-01-27T12:00:00+00:00,2025-01-27T11:00:00-05:00,UNAVAILABLE,226.19236755371094,237.14036560058594,224.21485900878906,234.0614013671875,1714853376.0,CORRECT_LABEL(derived),False,UNAVAILABLE,UNAVAILABLE,UNAVAILABLE,UNAVAILABLE,UNAVAILABLE,UNAVAILABLE,b18a010d3d0393744428403e24bd4a59eb481ae2,h4_SOL-USD.pkl,33ddac323c4d1175ba3a2edd3705b672de480d4f639ed9e777ab4e8f9f85afc4,,804,,,ema55-break
retained_bar,T027,27,2025-01-27T11:00:00-05:00,2025-01-27T16:00:00+00:00,2025-01-27T15:00:00-05:00,UNAVAILABLE,233.76564025878906,235.35537719726562,224.51132202148438,225.7656707763672,1219638272.0,CORRECT_LABEL(derived),False,UNAVAILABLE,UNAVAILABLE,UNAVAILABLE,UNAVAILABLE,UNAVAILABLE,UNAVAILABLE,b18a010d3d0393744428403e24bd4a59eb481ae2,h4_SOL-USD.pkl,33ddac323c4d1175ba3a2edd3705b672de480d4f639ed9e777ab4e8f9f85afc4,,805,,,ema55-break
event:signal,T027,27,2025-01-22T15:00:00-05:00,2025-01-22T20:00:00+00:00,UNAVAILABLE,UNAVAILABLE,,,,,,,False,UNAVAILABLE,UNAVAILABLE,UNAVAILABLE,UNAVAILABLE,UNAVAILABLE,UNAVAILABLE,b18a010d3d0393744428403e24bd4a59eb481ae2,c1_240_trade_ledger.json,af62428d69ceb1bdfb5bc0703cb40fdf933cf15c8b1662619e7481896b89c95a,,,signal_time,2025-01-22T20:00:00+00:00,ema55-break
event:entry,T027,27,2025-01-22T19:00:00-05:00,2025-01-23T00:00:00+00:00,UNAVAILABLE,257.173,,,,,,,True,UNAVAILABLE,UNAVAILABLE,257.173,UNAVAILABLE,239.5552,UNAVAILABLE,b18a010d3d0393744428403e24bd4a59eb481ae2,c1_240_trade_ledger.json,af62428d69ceb1bdfb5bc0703cb40fdf933cf15c8b1662619e7481896b89c95a,,,entry,2025-01-23 00:00:00+00:00,ema55-break
event:initial_stop,T027,27,2025-01-22T19:00:00-05:00,2025-01-23T00:00:00+00:00,UNAVAILABLE,239.5552,,,,,,,True,UNAVAILABLE,UNAVAILABLE,UNAVAILABLE,UNAVAILABLE,239.5552,UNAVAILABLE,b18a010d3d0393744428403e24bd4a59eb481ae2,c1_240_trade_ledger.json,af62428d69ceb1bdfb5bc0703cb40fdf933cf15c8b1662619e7481896b89c95a,,,stop,239.5552,ema55-break
event:exit,T027,27,2025-01-26T19:00:00-05:00,2025-01-27T00:00:00+00:00,UNAVAILABLE,240.9197,,,,,,,True,UNAVAILABLE,UNAVAILABLE,UNAVAILABLE,UNAVAILABLE,UNAVAILABLE,UNAVAILABLE,b18a010d3d0393744428403e24bd4a59eb481ae2,c1_240_trade_ledger.json,af62428d69ceb1bdfb5bc0703cb40fdf933cf15c8b1662619e7481896b89c95a,,,exit,2025-01-27 00:00:00+00:00,ema55-break
