row_kind,timestamp_ny,timestamp_utc,open,high,low,close,volume,label_status,in_holding_window,source_file,source_sha256,source_row_index,ledger_field,ledger_value,ledger_exit_reason
retained_bar,2025-02-21T08:30:00-05:00,2025-02-21T13:30:00+00:00,89.83999633789062,90.22000122070312,87.53160095214844,87.72000122070312,3164657.0,SHIFTED_LABEL(derived),False,h4_LRCX.pkl,efef5f790ca0aa09279923768d2f562e7298d5e97641c2be6c5c62274ab981dd,214,,,
retained_bar,2025-02-21T12:30:00-05:00,2025-02-21T17:30:00+00:00,87.69860076904297,87.7300033569336,85.7300033569336,86.01499938964844,4896532.0,SHIFTED_LABEL(derived),False,h4_LRCX.pkl,efef5f790ca0aa09279923768d2f562e7298d5e97641c2be6c5c62274ab981dd,215,,,
retained_bar,2025-02-24T08:30:00-05:00,2025-02-24T13:30:00+00:00,86.49189758300781,86.70999908447266,84.4229965209961,85.01000213623047,3991628.0,SHIFTED_LABEL(derived),True,h4_LRCX.pkl,efef5f790ca0aa09279923768d2f562e7298d5e97641c2be6c5c62274ab981dd,216,,,
retained_bar,2025-02-24T12:30:00-05:00,2025-02-24T17:30:00+00:00,85.0199966430664,85.48999786376953,83.22000122070312,83.33000183105469,4022005.0,SHIFTED_LABEL(derived),True,h4_LRCX.pkl,efef5f790ca0aa09279923768d2f562e7298d5e97641c2be6c5c62274ab981dd,217,,,
retained_bar,2025-02-25T08:30:00-05:00,2025-02-25T13:30:00+00:00,83.05999755859375,83.69989776611328,81.16999816894531,81.48999786376953,5575219.0,SHIFTED_LABEL(derived),True,h4_LRCX.pkl,efef5f790ca0aa09279923768d2f562e7298d5e97641c2be6c5c62274ab981dd,218,,,
retained_bar,2025-02-25T12:30:00-05:00,2025-02-25T17:30:00+00:00,81.47000122070312,81.64749908447266,79.93000030517578,80.30000305175781,6802055.0,SHIFTED_LABEL(derived),True,h4_LRCX.pkl,efef5f790ca0aa09279923768d2f562e7298d5e97641c2be6c5c62274ab981dd,219,,,
event:signal,2025-02-21T12:30:00-05:00,2025-02-21T17:30:00+00:00,,,,,,,False,c1_240_trade_ledger.json,af62428d69ceb1bdfb5bc0703cb40fdf933cf15c8b1662619e7481896b89c95a,,signal_time,2025-02-21T12:30:00-05:00,stop
event:entry,2025-02-24T08:30:00-05:00,2025-02-24T13:30:00+00:00,,,,86.4919,,,True,c1_240_trade_ledger.json,af62428d69ceb1bdfb5bc0703cb40fdf933cf15c8b1662619e7481896b89c95a,,entry,2025-02-24 08:30:00-05:00,stop
event:initial_stop,2025-02-24T08:30:00-05:00,2025-02-24T13:30:00+00:00,,,,82.9042,,,True,c1_240_trade_ledger.json,af62428d69ceb1bdfb5bc0703cb40fdf933cf15c8b1662619e7481896b89c95a,,stop,82.9042,stop
event:exit,2025-02-25T12:30:00-05:00,2025-02-25T17:30:00+00:00,,,,81.47,,,True,c1_240_trade_ledger.json,af62428d69ceb1bdfb5bc0703cb40fdf933cf15c8b1662619e7481896b89c95a,,exit,2025-02-25 12:30:00-05:00,stop
